No,Urls,Video Name,View,Like,Comm,published_date,duration,minute,type,Engagement Rate,AVG View Duration,Views to Likes Ratio
1,https://www.youtube.com/watch?v=rbOagTXYI5A,สู้ต่อไป ซักวันเดี๋ยวก็ไม่เก่ง |【 Mortal Shell 2 】EP.2,173,18,0,2026-08-30,2:36:48,156.80,Gaming,0.104,70.56,9.61
2,https://www.youtube.com/watch?v=htKvNKyZ10o,โอนิจัง เท้าใหญ่จุง |【 Ghostwire Tokyo 】EP.3 Re - project,143,19,0,2026-08-28,2:30:32,150.53,Gaming,0.1329,67.74,7.53
3,https://www.youtube.com/watch?v=9Q_xUPloIZM,สุดยอด เจ้าของช่อง,109,17,0,2026-08-26,1:03:51,63.85,FreeTalk,0.156,28.73,6.41
4,https://www.youtube.com/watch?v=JcXpKNNRJn4,จะโกเล็งก็มา เรามีโกเฟีย |【 Mortal Shell 2 】EP.1,239,16,1,2026-08-22,2:58:45,178.75,Gaming,0.0711,80.44,14.94
5,https://www.youtube.com/watch?v=tmuq-ShloSE,วันรวมญาติ พักแรม |【 เล่าเรื่องผี EP.30 】ประสบการณ์หลอนในวัยเด็ก ของเพื่อนมารีน,181,12,1,2026-08-21,1:11:50,71.83,เล่าเรื่องผี,0.0718,32.32,15.08
6,https://www.youtube.com/watch?v=Z-MLy11tiao,ไม่เจอกันนาน ฉันสวยอยู่บ่ |【 Ghostwire Tokyo 】EP.2 Re - project,248,24,1,2026-08-19,2:02:05,122.08,Gaming,0.1008,54.94,10.33
7,https://www.youtube.com/watch?v=5FWXj-X_4_4,ผีเส้น โตเกียว ดริฟ! |【 Ghostwire Tokyo 】EP.1 Re - project,201,15,1,2026-08-15,2:20:37,140.62,Gaming,0.0796,63.28,13.4
8,https://www.youtube.com/watch?v=dMrk2z2NutM,วันพุทธ อะเกน วิทโก,184,26,0,2026-08-12,1:14:53,74.88,FreeTalk,0.1413,33.7,7.08
9,https://www.youtube.com/watch?v=QaDqYdRE-b0,เลื้อยเข้าไป คลานออกมา |【 Monster Hunter :World 】EP.3,167,16,0,2026-08-07,2:37:54,157.90,Gaming,0.0958,71.06,10.44
10,https://www.youtube.com/watch?v=jPCkRayQccw,สามัคคีคือพัง มักจะพังสามัคคี |【 Chained Together 】จบ,253,15,0,2026-08-05,1:18:32,78.53,Gaming,0.0593,35.34,16.87
11,https://www.youtube.com/watch?v=XBtN_Nc3OTA,ออกไปเลยได้มั้ย หัวใจมันร่ำไห้ |【 Resident Evil: Requiem 】EP.4,194,24,1,2026-08-02,1:49:23,109.38,Gaming,0.1289,49.22,8.08
12,https://www.youtube.com/watch?v=2w9gwe1KVB8,เชียร์กันไป เชียร์กันเอง |【 Monster Hunter :World 】EP.2,202,18,1,2026-07-31,2:25:20,145.33,Gaming,0.0941,65.4,11.22
13,https://www.youtube.com/watch?v=7rvt8yKUgj8,วันเพลียๆ ของยีน,166,37,0,2026-07-29,1:22:28,82.47,FreeTalk,0.2229,37.11,4.49
14,https://www.youtube.com/watch?v=3wBNzP5iRag,พี่น้อง น้องพี่ ผจญภัย |【 Resident Evil: Requiem 】EP.3,129,24,0,2026-07-26,2:01:26,121.43,Gaming,0.186,54.65,5.38
15,https://www.youtube.com/watch?v=meHD7wxu9ZM,มื้อนี้ อิ่มปะล่ะ |【 Monster Hunter :World 】EP.1,162,18,2,2026-07-24,2:49:41,169.68,Gaming,0.1235,76.36,9
16,https://www.youtube.com/watch?v=MTRlRFdT8_4,เรื่องราวของกระต่าย 2 ตัว |【 Bunny guys! 】จบ,122,19,0,2026-07-22,1:53:34,113.57,Gaming,0.1557,51.11,6.42
17,https://www.youtube.com/watch?v=FSNSHvW8Ty4,เรื่องราว เพื่อนบ้าน |【 Dread neighbor  】Duo game live EP.2,124,25,2,2026-07-17,1:56:42,116.70,Gaming,0.2177,52.52,4.96
18,https://www.youtube.com/watch?v=557AWFLm3ys,เรื่องราวของกระต่าย 1 ตัว |【 Bunny guys! 】จบ,150,27,2,2026-07-15,2:08:42,128.70,Gaming,0.1933,57.92,5.56
19,https://www.youtube.com/watch?v=VWhlfhnK5Y0,ใหญ่คับซอย คอยทำไม |【 Resident Evil: Requiem 】EP.2,121,19,1,2026-07-11,2:08:34,128.57,Gaming,0.1653,57.86,6.37
20,https://www.youtube.com/watch?v=W5PEhxgl8tk,วันศุกร์ หว่าเว้,108,18,0,2026-07-10,1:16:48,76.80,FreeTalk,0.1667,34.56,6
21,https://www.youtube.com/watch?v=9lUlmnFzoaw,ค่ายจิตอาสา |【 เล่าเรื่องผี EP.29 】ประสบการณ์หลอน ในค่ายจิตอาสาของมารีนและเพื่อน,102,23,0,2026-06-30,1:23:28,83.47,เล่าเรื่องผี,0.2255,37.56,4.43
22,https://www.youtube.com/watch?v=ZXFHJT4w6d8,ล่าผีห่าน เมืองแรคคูน |【 Resident Evil: Requiem 】EP.1,539,28,1,2026-06-27,2:24:36,144.60,Gaming,0.0538,65.07,19.25
23,https://www.youtube.com/watch?v=N0o1i_AYpk8,เตาหลอม แห่งสงคราม |【 Ai Limit 】Eirene&#39;s Furnace of War : EP.1,165,21,0,2026-06-26,1:57:12,117.20,Gaming,0.1273,52.74,7.86
24,https://www.youtube.com/watch?v=Va8gNWnN2JU,อยากชิล ให้ชิล,108,21,0,2026-06-24,1:08:19,68.32,FreeTalk,0.1944,30.74,5.14
25,https://www.youtube.com/watch?v=f2nXzob972Y,กระทิงแดง สำแดงเดช |【 DOOM : Eternal 】(EP.5) จบเนื้อเรื่องหลัก,127,22,0,2026-06-19,3:35:16,215.27,Gaming,0.1732,96.87,5.77
26,https://www.youtube.com/watch?v=D5oF1A8yglE,แวะเติมคุณหนู ช่วงบ่าย ..,151,28,1,2026-06-17,1:50:24,110.40,FreeTalk,0.1921,49.68,5.39
27,https://www.youtube.com/watch?v=YCpMESitcow,จุดสิ้นสุด คือจุดเริ่มต้น |【 Ai Limit 】(EP.7) จบเนื้อเรื่องหลัก!,199,19,0,2026-06-15,2:54:13,174.22,Gaming,0.0955,78.4,10.47
28,https://www.youtube.com/watch?v=nmPE1z6b19U,เราต้องห่างกันซักพัก |【 Enshrouded 】EP.5 (จบ พักเบรค),127,16,0,2026-06-13,2:22:17,142.28,Gaming,0.126,64.03,7.94
29,https://www.youtube.com/watch?v=3tmeY_agjg8,วันแก้แค้น เจ้าแย้บิน |【 Enshrouded 】EP.4,127,16,1,2026-06-07,1:43:54,103.90,Gaming,0.1339,46.76,7.94
30,https://www.youtube.com/watch?v=hEngOT7hed4,ไลฟ์บ่าย ในรอบ ศตวรรษ ..,233,37,0,2026-06-03,1:05:08,65.13,FreeTalk,0.1588,29.31,6.3
31,https://www.youtube.com/watch?v=QyXc4mbvhwM,ผู้พิทักษ์ แห่งต้นไม้ |【 Ai Limit 】(EP.6),100,16,0,2026-05-30,2:28:44,148.73,Gaming,0.16,66.93,6.25
32,https://www.youtube.com/watch?v=SWkiarMTEG0,เล่าเรื่องชีวิต.. เพลินๆ,149,17,0,2026-05-30,1:08:23,68.38,FreeTalk,0.1141,30.77,8.76
33,https://www.youtube.com/watch?v=G9vmlBWhMJI,นักล่าโครตมังกร |【 Enshrouded 】EP.3,122,18,1,2026-05-23,2:35:10,155.17,Gaming,0.1557,69.83,6.78
34,https://www.youtube.com/watch?v=h7Et445CVEc,คุยอะไร ไม่รู้ .. รู้ แต่ไม่รู้,290,22,0,2026-05-23,1:16:50,76.83,FreeTalk,0.0759,34.57,13.18
35,https://www.youtube.com/watch?v=ZIhtT6t5GZk,ก็มาดิ เจ๊แดงแรงฤทธิ์ |【 Ai Limit 】(EP.5),727,27,0,2026-05-18,3:31:52,211.87,Gaming,0.0371,95.34,26.93
36,https://www.youtube.com/watch?v=fRmKX71SjeE,ใคร ที่ยืนข้างเตียง |【 เล่าเรื่องผี EP.28 】ประสบการณ์ที่น่ากลัวอันดับ 1 ในชีวิตของมารีน,229,20,1,2026-05-18,1:09:52,69.87,เล่าเรื่องผี,0.0917,31.44,11.45
37,https://www.youtube.com/watch?v=xSbtpxEL9_0,มินีมารีน ถาม - ตอบ สารพัด,149,23,1,2026-05-09,1:08:17,68.28,FreeTalk,0.1611,30.73,6.48
38,https://www.youtube.com/watch?v=D19LhRUA0a0,ชายผู้แบกโล่ มาถูกกระทืบ |【 DOOM : Eternal 】(EP.4),95,14,0,2026-05-07,1:42:36,102.60,Gaming,0.1474,46.17,6.79
39,https://www.youtube.com/watch?v=bjVXkg70sVE,วิถีของนักผจญภัย |【 Enshrouded 】EP.2,150,19,0,2026-05-04,2:57:50,177.83,Gaming,0.1267,80.03,7.89
40,https://www.youtube.com/watch?v=C-az0O9i-PQ,ช่ำระดับนี้ พี่ขอบาย |【 Ai Limit 】(EP.4),137,25,0,2026-05-02,3:38:00,218.00,Gaming,0.1825,98.1,5.48
41,https://www.youtube.com/watch?v=iVAvLaHr4yE,คุย เรื่องเนื้อเพลง,70,16,0,2026-05-02,1:02:59,62.98,FreeTalk,0.2286,28.34,4.38
42,https://www.youtube.com/watch?v=VweVeHSg-Jg,MYSTERY LIVE EP.3,117,20,1,2026-04-22,1:12:36,72.60,FreeTalk,0.1795,32.67,5.85
43,https://www.youtube.com/watch?v=UXVxSuFIbyA,จุดเริ่มต้น นักไถฟาร์ม  |【 Enshrouded 】EP.1,409,34,0,2026-04-20,3:08:29,188.48,Gaming,0.0831,84.82,12.03
44,https://www.youtube.com/watch?v=qoY59hu8Wy4,เคียวนี้ ขอข้าเถิด |【 Ai Limit 】(EP.3),112,20,0,2026-04-18,2:22:29,142.48,Gaming,0.1786,64.12,5.6
45,https://www.youtube.com/watch?v=ygpsYtVPI38,หัวข้อ ที่ไม่มีหัวข้อ,92,13,1,2026-04-18,1:10:18,70.30,FreeTalk,0.1522,31.64,7.08
46,https://www.youtube.com/watch?v=Bhz82B6thNo,เพื่อนรัก เพื่อนตาย |【 DOOM : Eternal 】(EP.3),243,28,0,2026-04-15,2:24:14,144.23,Gaming,0.1152,64.91,8.68
47,https://www.youtube.com/watch?v=Bw1UUDmD1kk,หน้าร้อน ร้อนไหมล่ะ,124,26,0,2026-04-13,2:03:40,123.67,FreeTalk,0.2097,55.65,4.77
48,https://www.youtube.com/watch?v=DPuce0Zg6iI,โอ้ว..แม่ ชีวภาพ |【 Ai Limit 】(EP.2),96,25,0,2026-04-11,2:40:35,160.58,Gaming,0.2604,72.26,3.84
49,https://www.youtube.com/watch?v=fQBbwruclyE,กระจกปริศนา ในโรงแรม |【 เล่าเรื่องผี EP.27 】,84,19,1,2026-04-11,1:31:15,91.25,เล่าเรื่องผี,0.2381,41.06,4.42
50,https://www.youtube.com/watch?v=vxT-T4e4f_k,อย่าไปสน อย่าไป Sad |【 DOOM : Eternal 】(EP.2),136,27,1,2026-04-06,2:16:31,136.52,Gaming,0.2059,61.43,5.04
51,https://www.youtube.com/watch?v=AY9nkZBHNUg,สุดขีด เอไอ |【 Ai Limit 】(EP.1),110,24,1,2026-04-04,2:10:34,130.57,Gaming,0.2273,58.76,4.58
52,https://www.youtube.com/watch?v=6ExE8pfFI6Q,เตรียมตัว Original Song ต่อไป,78,19,0,2026-04-04,1:18:01,78.02,FreeTalk,0.2436,35.11,4.11
53,https://www.youtube.com/watch?v=ZgsYBMekEcs,นาที ที่โลกหยุดหมุน ( Frozen in time ) - Marine Chariot | Original Song Valentine 2026,678,44,11,2026-04-01,0:04:16,4.27,ร้องเพลง,0.0811,1.92,15.41
54,https://www.youtube.com/watch?v=AymOSCA-Xqs,นาที ที่โลกหยุดหมุน - Marine Chariot (Official Teaser) | Original Song Valentine 2026,205,21,4,2026-03-31,0:00:41,0.68,ร้องเพลง,0.122,0.31,9.76
55,https://www.youtube.com/watch?v=gIkun-lRgfs,เจตจำนงค์แห่งผีเสื้อ |【Wildhearts】(EP.5) จบ,116,21,2,2026-03-29,3:00:51,180.85,Gaming,0.1983,81.38,5.52
56,https://www.youtube.com/watch?v=SOIdrngevwk,สิ้นสุดโลกเน่าเปื่อย  |【 State of decay 2 】EP.4 (จบ),133,21,0,2026-03-28,1:39:47,99.78,Gaming,0.1579,44.9,6.33
57,https://www.youtube.com/watch?v=v6hFfX3oc08,อยากเล่นเกม แต่ไหวแค่คุย,182,23,0,2026-03-16,0:32:24,32.40,FreeTalk,0.1264,14.58,7.91
58,https://www.youtube.com/watch?v=xpTg11oIGhU,มาคุยกันให้หายคิดถึง | Freetalk,152,27,1,2026-03-07,1:04:31,64.52,FreeTalk,0.1842,29.03,5.63
59,https://www.youtube.com/watch?v=v7U_-MIlTk4,นิยาม .. ของคำว่า คุณภาพ,150,25,2,2026-02-14,1:19:54,79.90,FreeTalk,0.18,35.96,6
60,https://www.youtube.com/watch?v=Sv3j7ehoY4k,ตรอกทางเดินเก่า ๆ |【 เล่าเรื่องผี EP.26 】,103,20,2,2026-02-07,1:15:21,75.35,เล่าเรื่องผี,0.2136,33.91,5.15
61,https://www.youtube.com/watch?v=ddVe-0CVy6g,คุณหนู ... หายดีหรือยัง ?,138,23,2,2026-02-01,1:12:15,72.25,FreeTalk,0.1812,32.51,6
62,https://www.youtube.com/watch?v=h34YklM6TFk,แจ้งสถานะการณ์ กำหนดการณ์ปี 2029,139,30,4,2026-01-25,1:25:44,85.73,ประกาศ/อีเวนต์,0.2446,38.58,4.63
63,https://www.youtube.com/watch?v=geV8D89xXBI,คุยกัน กับ คุณหนู,200,30,2,2026-01-17,1:03:15,63.25,FreeTalk,0.16,28.46,6.67
64,https://www.youtube.com/watch?v=4nJchqym1sQ,ไลฟ์แรกปี 2026,173,33,7,2026-01-04,0:52:23,52.38,FreeTalk,0.2312,23.57,5.24
65,https://www.youtube.com/watch?v=GEWUqiEux2I,แสงของผีเสื้อวันใหม่ - 黎明の蝶の光 (New Day Butterfly& Glow)【Original song & Lyrics 】2025 END,332,39,14,2025-12-31,0:03:18,3.30,ร้องเพลง,0.1596,1.49,8.51
66,https://www.youtube.com/watch?v=rj05R3iq7b4,คริสมาสต์ของยีน / Yeen Christmas & [NEW Original song],131,30,0,2025-12-26,1:04:45,64.75,ร้องเพลง,0.229,29.14,4.37
67,https://www.youtube.com/watch?v=kmyqgyAKYa4,Yeen Christmas - คริสมาสต์ของยีน【Original song & Lyrics】,326,35,14,2025-12-25,0:03:56,3.93,ร้องเพลง,0.1503,1.77,9.31
68,https://www.youtube.com/watch?v=RwT7v7gzejw,ใจดำ เสียยิ่งกระไร  |【 State of decay 2 】EP.3,200,20,2,2025-12-12,2:06:15,126.25,Gaming,0.11,56.81,10
69,https://www.youtube.com/watch?v=TSR-BOjxgAU,สารพัด หัวข้อ แนวคิด / แจ้งข่าวดีของปี 2026,143,24,1,2025-12-12,1:48:25,108.42,ประกาศ/อีเวนต์,0.1748,48.79,5.96
70,https://www.youtube.com/watch?v=7tjQwjQP5gs,อิ่ม จนต้องไประบาย  |【 State of decay 2 】EP.2,499,34,2,2025-12-06,2:43:19,163.32,Gaming,0.0721,73.49,14.68
71,https://www.youtube.com/watch?v=W5VdX2jH3jA,ฉีกสะบั้นให้ขาด |【 DOOM : Eternal 】(EP.1),209,29,0,2025-11-29,2:57:07,177.12,Gaming,0.1388,79.7,7.21
72,https://www.youtube.com/watch?v=4D6N5lL8Fv8,สภาวะเสื่อมโทรม ที่อิ่มมาก  |【 State of decay 2 】EP.1,269,25,0,2025-11-28,2:46:29,166.48,Gaming,0.0929,74.92,10.76
73,https://www.youtube.com/watch?v=OAP5Wa14fLI,บ้านญี่ปุ่นมือ 2 |  [เล่าเรื่องผี EP.25],89,19,3,2025-11-28,1:15:56,75.93,เล่าเรื่องผี,0.2472,34.17,4.68
74,https://www.youtube.com/watch?v=uvE57TmRtXg,กายจาก หัวใจคงอยู่  |【Atomic heart DLC 3】Enchantment under the sea,128,18,0,2025-11-22,4:21:44,261.73,Gaming,0.1406,117.78,7.11
75,https://www.youtube.com/watch?v=qv4hp-czj9U,ตามหาห่าน ทุกชาติไป |【Wildhearts】(EP.4),90,12,0,2025-11-21,2:31:41,151.68,Gaming,0.1333,68.26,7.5
76,https://www.youtube.com/watch?v=C19HUF0wWJg,ข้าง กอง ไฟ,102,24,0,2025-11-21,1:25:16,85.27,FreeTalk,0.2353,38.37,4.25
77,https://www.youtube.com/watch?v=RzIrzqnNSKg,ทุกสายตา จับจ้องใจ  |【Atomic heart DLC 1】Annihilation instinct,145,20,0,2025-11-08,4:17:25,257.42,Gaming,0.1379,115.84,7.25
78,https://www.youtube.com/watch?v=z_woWaIJxNY,มารีน ในปี 2026,230,25,1,2025-11-07,1:36:44,96.73,FreeTalk,0.113,43.53,9.2
79,https://www.youtube.com/watch?v=ge1A20pDSsY,หิวไก่ |【Wildhearts】(EP.3),132,16,4,2025-11-01,3:07:01,187.02,Gaming,0.1515,84.16,8.25
80,https://www.youtube.com/watch?v=iuLnKTC_Y1Y,ปล่อยผี ปีนี้ มีอะไร ? | HALLOWEEN LIVE 2025,98,30,0,2025-11-01,1:41:59,101.98,Gaming,0.3061,45.89,3.27
81,https://www.youtube.com/watch?v=E383dwQi9b8,คุณหนูยีน จอมเหนื่อย,130,21,2,2025-10-25,1:28:07,88.12,FreeTalk,0.1769,39.65,6.19
82,https://www.youtube.com/watch?v=t3F6QTtQRmE,เกาะเบาะล่าตัวไร |【 Duo Game Live EP.1 】Dead frontier 2,165,20,1,2025-10-24,1:59:14,119.23,Gaming,0.1273,53.66,8.25
83,https://www.youtube.com/watch?v=XZh3l-L1xOI,ยักษ์ใหญ่ ใจตูมตาม |【Wildhearts】(EP.2),121,17,1,2025-10-18,2:42:57,162.95,Gaming,0.1488,73.33,7.12
84,https://www.youtube.com/watch?v=0JF-tZQ1DQQ,แจงเรื่อง หัวข้อ สำคัญๆ,247,27,0,2025-10-18,1:42:14,102.23,ประกาศ/อีเวนต์,0.1093,46.01,9.15
85,https://www.youtube.com/watch?v=XrP7bIuPkYs,คู่หู นักล่าอสูร |【Wildhearts】(EP.1),179,21,0,2025-10-11,3:13:31,193.52,Gaming,0.1173,87.08,8.52
86,https://www.youtube.com/watch?v=v7lv7NmPzAY,ปิดจบ ซอมบี้ที่รัก |【Night of the dead 】(EP.4 END),92,20,2,2025-10-10,2:42:55,162.92,Gaming,0.2391,73.31,4.6
87,https://www.youtube.com/watch?v=InfAwIKxMD0,รีสอร์ทฉุกเฉิน |  [เล่าเรื่องผี EP.24],108,20,2,2025-10-10,1:22:43,82.72,เล่าเรื่องผี,0.2037,37.22,5.4
88,https://www.youtube.com/watch?v=DuKW1wFH4Jk,ขอส่งเธอ จนสุดทาง |【The Calisto protocol】EP.4 END,759,35,3,2025-10-04,2:31:00,151.00,Gaming,0.0501,67.95,21.69
89,https://www.youtube.com/watch?v=k5JbuEDUQSw,จุดจบ ที่เลือกไม่ได้ |【Silent hill f】EP.5 END,363,34,0,2025-10-03,3:19:13,199.22,Gaming,0.0937,89.65,10.68
90,https://www.youtube.com/watch?v=DImIRtpKhYg,พิธีกรรม แลกแขน |【Silent hill f】EP.4,136,28,2,2025-10-02,2:39:30,159.50,Gaming,0.2206,71.78,4.86
91,https://www.youtube.com/watch?v=XhyJ2mrnGTE,ใครดีใครร้าย ไม่ทราบได้ |【Silent hill f】EP.3,344,33,0,2025-09-27,2:40:22,160.37,Gaming,0.0959,72.17,10.42
92,https://www.youtube.com/watch?v=soxf88txH2w,คนไม่เกี่ยว ก็จะเกี่ยวให้ได้ |【Silent hill f】EP.2,350,32,1,2025-09-26,3:10:27,190.45,Gaming,0.0943,85.7,10.94
93,https://www.youtube.com/watch?v=Aq9Rorqm6g0,เมืองผีห่าน พาชิบหาญย์ |【Silent hill f】EP.1,465,49,1,2025-09-25,2:26:14,146.23,Gaming,0.1075,65.8,9.49
94,https://www.youtube.com/watch?v=0kEvwPkW_AI,ทำหน้าเหมือนคิดได้ |【The Calisto protocol】EP.3,216,28,2,2025-09-20,2:37:02,157.03,Gaming,0.1389,70.67,7.71
95,https://www.youtube.com/watch?v=kSO8hDxsjHA,วันๆ ของการเม้ามอย,271,34,0,2025-09-20,1:57:50,117.83,FreeTalk,0.1255,53.03,7.97
96,https://www.youtube.com/watch?v=uGcAIAXB0Hk,Dating Of Necromancer【Original song & Lyrics - English edition -】,592,35,8,2025-09-14,0:02:51,2.85,ร้องเพลง,0.0726,1.28,16.91
97,https://www.youtube.com/watch?v=x9jzCSkGEEw,คนป่วย มาคุยเรื่องนิยาย Secret garden,335,22,1,2025-09-13,1:35:33,95.55,FreeTalk,0.0687,43,15.23
98,https://www.youtube.com/watch?v=PK_rGuerIGI,Dating Of Necromancer 【Original song & Lyrics - ฉบับไทยปรับปรุง -】,590,28,8,2025-09-12,0:02:48,2.80,ร้องเพลง,0.061,1.26,21.07
99,https://www.youtube.com/watch?v=gMaRv5a93A0,วันที่พูดน้อยที่สุด,554,29,2,2025-09-06,1:28:15,88.25,FreeTalk,0.056,39.71,19.1
100,https://www.youtube.com/watch?v=Tn1CBgA_9Rg,การเผชิญหน้า! #vtuber #shorts,1908,134,13,2025-09-02,0:00:20,0.33,Shots,0.077,0.15,14.24
101,https://www.youtube.com/watch?v=6oiTo46lT1c,จับอะไร ให้ใช้อันนั้น  |【Neon Abyss 1】EP.2,111,21,2,2025-08-31,2:45:57,165.95,Gaming,0.2072,74.68,5.29
102,https://www.youtube.com/watch?v=OFngQz0FzEM,จุดจบ เพียงแค่เริ่มต้น  |【Atomic heart】EP.5 END,174,23,1,2025-08-30,2:35:23,155.38,Gaming,0.1379,69.92,7.57
103,https://www.youtube.com/watch?v=hxI4mLBHQ4I,ใต้วงแขน แสนกินใจ #vtuber #shorts,457,58,9,2025-08-29,0:00:12,0.20,Shots,0.1466,0.09,7.88
104,https://www.youtube.com/watch?v=MMWinQS_Ajk,เหล่ายีนผู้พิทักษ์ !  #vtuber #shorts #anime #fyp #shortvideo #cute #feedshorts #short #shortsfeed,3169,102,11,2025-08-27,0:00:07,0.12,Shots,0.0357,0.05,31.07
105,https://www.youtube.com/watch?v=Zt6-_Sq7XUI,เลิฟยู ~~ #vtuber #shorts,411,62,8,2025-08-25,0:00:15,0.25,Shots,0.1703,0.11,6.63
106,https://www.youtube.com/watch?v=KuyaYemWQQE,MYSTERY LIVE EP.2,192,28,2,2025-08-24,2:13:22,133.37,Gaming,0.1563,60.02,6.86
107,https://www.youtube.com/watch?v=3teqaI4RNbY,ยืดหดได้ เหมือนใจคน  |【Atomic heart】EP.4,97,18,2,2025-08-23,2:42:36,162.60,Gaming,0.2062,73.17,5.39
108,https://www.youtube.com/watch?v=edEEFPFHtl4,ชีวิตที่แสนอิ่ม ข้างริมตลิ่ง |【Night of the dead 】(EP.3),349,33,0,2025-08-22,3:12:17,192.28,Gaming,0.0946,86.53,10.58
109,https://www.youtube.com/watch?v=3Z2b86PaO9M,ลูกนิมิตร พาเพลิน  |【Atomic heart】EP.3,100,24,1,2025-08-16,2:58:19,178.32,Gaming,0.25,80.24,4.17
110,https://www.youtube.com/watch?v=krXApKQCzuY,พูดคุย ชิลๆ,135,21,1,2025-08-16,1:16:16,76.27,FreeTalk,0.163,34.32,6.43
111,https://www.youtube.com/watch?v=p5wO3SlyX0M,หว่อ อ้าย หนี่~~ #vtuber #shorts #anime #fyp #shortvideo #cute #feedshorts #short #shortsfeed,2502,155,17,2025-08-11,0:00:18,0.30,Shots,0.0687,0.14,16.14
112,https://www.youtube.com/watch?v=h4Yz-Mdr818,โล้นแล้วไง บวกแล้วกัน  |【The Calisto protocol】EP.2,129,26,2,2025-08-10,2:00:28,120.47,Gaming,0.2171,54.21,4.96
113,https://www.youtube.com/watch?v=AcTci15KFhE,การทดลองบ้าบิ่น  |【Atomic heart】EP.2,140,30,1,2025-08-09,3:02:45,182.75,Gaming,0.2214,82.24,4.67
114,https://www.youtube.com/watch?v=2SivUEeQjmM,เป็นการเอาตัวรอดที่อิ่มมาก |【Night of the dead 】(EP.2),161,33,2,2025-08-08,3:58:30,238.50,Gaming,0.2174,107.33,4.88
115,https://www.youtube.com/watch?v=81-AGZSztag,Marine Chariot - Dating Of Necromancer 【Original song & Lyrics】,391,36,10,2025-08-05,0:02:56,2.93,ร้องเพลง,0.1176,1.32,10.86
116,https://www.youtube.com/watch?v=ae5zXGhtvbU,ยุคสมัยแห่งหุ่น  |【Atomic heart】EP.1,311,43,2,2025-08-02,3:32:23,212.38,Gaming,0.1447,95.57,7.23
117,https://www.youtube.com/watch?v=SdvKGEyz4RY,งานพาร์ทไทม์ ที่ร้านสะดวกซื้อ |  [เล่าเรื่องผี EP.23],143,24,2,2025-08-02,1:36:05,96.08,เล่าเรื่องผี,0.1818,43.24,5.96
118,https://www.youtube.com/watch?v=pzELD4lBUiY,วิธีที่ยูทูปใช้อัลกอริทึ่ม #vtuber #shorts #anime,439,47,6,2025-07-31,0:00:09,0.15,Shots,0.1207,0.07,9.34
119,https://www.youtube.com/watch?v=DERh8zqlrA4,วันๆของคุณหนู ก็แบบนี้ล่ะ~~ #vtuber #shorts #fyp #anime #trending #trendingshorts #dance,504,79,7,2025-07-29,0:00:10,0.17,Shots,0.1706,0.08,6.38
120,https://www.youtube.com/watch?v=Whsh1NYdwfw,Marine Chariot - Blue Butterfly Whisper 【Original song & Lyrics】,498,43,12,2025-07-28,0:03:26,3.43,ร้องเพลง,0.1104,1.55,11.58
121,https://www.youtube.com/watch?v=3UFPE5IIdpQ,หวนคืนสู่ ความวินาศ  |【The Calisto protocol】EP.1,344,56,2,2025-07-27,2:17:00,137.00,Gaming,0.1686,61.65,6.14
122,https://www.youtube.com/watch?v=N4iVMqw1Fq0,The beginning of Rip and tear [ DOOM : The Dark Ages ] (EP.7 END),211,27,0,2025-07-26,2:11:05,131.08,Gaming,0.128,58.99,7.81
123,https://www.youtube.com/watch?v=V2scb3RTNOk,ดื่มน้ำอะไร ? #vtuber #shorts,331,36,8,2025-07-26,0:00:36,0.60,Shots,0.1329,0.27,9.19
124,https://www.youtube.com/watch?v=1Pa7dM_nvr8,อัพเดทเนื้อหา Content ใหม่ๆ ที่กำลังจะมา!,200,42,1,2025-07-26,1:13:37,73.62,ประกาศ/อีเวนต์,0.215,33.13,4.76
125,https://www.youtube.com/watch?v=OLTehMUI9GU,อีโมชั่ลลล ~~ #vtuber #shorts,2621,181,9,2025-07-25,0:00:16,0.27,Shots,0.0725,0.12,14.48
126,https://www.youtube.com/watch?v=pgeQ7U_ltS0,ปากใหม่สวยใสกิ๊ง ~~ #vtuber #shorts,2065,99,14,2025-07-24,0:00:09,0.15,Shots,0.0547,0.07,20.86
127,https://www.youtube.com/watch?v=DW3k5AJw6a0,คู่มือการเป็นคุณหนู 2.0 ~ #vtuber #shorts,333,48,10,2025-07-23,0:01:21,1.35,Shots,0.1742,0.61,6.94
128,https://www.youtube.com/watch?v=VixW0lRow4Y,สู้กับทุกอย่าง จบที่ของกิน ~ #vtuber #shorts #youtubeshorts #fyp #trending #viral #comedy #anime,1696,191,13,2025-07-22,0:00:16,0.27,Shots,0.1203,0.12,8.88
129,https://www.youtube.com/watch?v=4P3KGGAdXPk,คนที่พยายามจะ อารา อาร่า ~ #vtuber #shorts #youtubeshorts #fyp #trending #viral #comedy #anime,1888,142,16,2025-07-21,0:00:30,0.50,Shots,0.0837,0.23,13.3
130,https://www.youtube.com/watch?v=Kc6B9pc47AE,คิดถึงมาก มากจริงๆ ~ #vtuber #shorts #youtubeshorts #fyp #trending #viral #comedy #anime,2064,122,11,2025-07-20,0:00:08,0.13,Shots,0.0644,0.06,16.92
131,https://www.youtube.com/watch?v=YSC4m4wt9MU,ให้ผีเสื้อนำทางไป  |【Lies of P】(EP.12) END,324,34,2,2025-07-19,3:31:17,211.28,Gaming,0.1111,95.08,9.53
132,https://www.youtube.com/watch?v=Q185eA9FnRE,เปิดตัวอลังกาล จำปุ่มไม่ได้ ~~#vtuber #shorts #youtubeshorts #fyp #trending #viral #comedy,2045,136,12,2025-07-19,0:01:08,1.13,Shots,0.0724,0.51,15.04
133,https://www.youtube.com/watch?v=E7xG_ImMlG0,เปิดใจคุย .. ครั้งสุดท้าย,795,74,4,2025-07-19,1:12:41,72.68,FreeTalk,0.0981,32.71,10.74
134,https://www.youtube.com/watch?v=aA-_AicEkMQ,ฤดูร้อนนี้ เหงื่อใหลซึม .. #vtuber #shorts #youtubeshorts #fyp #เปิดการมองเห็น,497,51,8,2025-07-15,0:00:07,0.12,Shots,0.1187,0.05,9.75
135,https://www.youtube.com/watch?v=qj1vsG4b3jI,เต้นนนนนน ~~#vtuber #shorts #youtubeshorts #fyp #เปิดการมองเห็น,687,55,9,2025-07-14,0:00:16,0.27,Shots,0.0932,0.12,12.49
136,https://www.youtube.com/watch?v=ZElESk7CIAY,Squid has a heart too [ DOOM : The Dark Ages ] (EP.6),242,23,2,2025-07-12,2:05:15,125.25,Gaming,0.1033,56.36,10.52
137,https://www.youtube.com/watch?v=tG6_rhGp3S0,เก็บตกแลบลิ้น ถือลูกซองยิงผี! 【Freetalk & Games】,177,27,4,2025-07-12,1:25:01,85.02,Gaming,0.1751,38.26,6.56
138,https://www.youtube.com/watch?v=yIiW5qLiPaY,ฮันนี่~ พายยย~~~ ..#vtuber #vtuberclips #shorts #youtubeshorts #fyp #trending #viral #comedy,2482,180,8,2025-07-12,0:00:17,0.28,Shots,0.0757,0.13,13.79
139,https://www.youtube.com/watch?v=k5fu9vxckGk,นี่จริงจังกันหน่อย! ..#vtuber #vtuberclips #shorts #youtubeshorts #fyp #trending #viral #comedy,2870,177,9,2025-07-11,0:00:06,0.10,Shots,0.0648,0.05,16.21
140,https://www.youtube.com/watch?v=rfChh86hIfY,ยีนวิ๊งงง~~ ..#vtuber #shorts #youtubeshorts #fyp #trending #viral #comedy,2460,130,4,2025-07-10,0:00:05,0.08,Shots,0.0545,0.04,18.92
141,https://www.youtube.com/watch?v=DMVPLAkkJQ0,วิ๊งรับยามเช้า! ..#vtuber #shorts #個人vtuber #新人vtuber #vtuber準備中 #eyeloop #anime #youtubeshorts #fyp,2514,113,8,2025-07-09,0:00:05,0.08,Shots,0.0481,0.04,22.25
142,https://www.youtube.com/watch?v=0Q0FeJg2h8k,เย็นนี้กินอะไรดี ? ทารันทูล่ามั้ย !! .. #vtuber #shorts,3245,158,14,2025-07-08,0:00:06,0.10,Shots,0.053,0.05,20.54
143,https://www.youtube.com/watch?v=jE1ojS2MgaE,Dating Of Necromancer : วันเดทกับคุณหนูลุคใหม่ [V2.0 & New Outfit Arrival],1836,583,3,2025-07-08,1:10:29,70.48,ประกาศ/อีเวนต์,0.3192,31.72,3.15
144,https://www.youtube.com/watch?v=Cwkt5Ks2cL0,เช้านี้ ยังอีกยาวไกล .. #vtuber #shorts,2384,70,6,2025-07-08,0:00:20,0.33,Shots,0.0319,0.15,34.06
145,https://www.youtube.com/watch?v=AbgsWLytH-8,ไลค์ อะ ยีน .. #vtuber #shorts,3153,165,12,2025-07-07,0:00:15,0.25,Shots,0.0561,0.11,19.11
146,https://www.youtube.com/watch?v=GymbV3HjmLo,โอฮาโย นี่ ตื่นสิ!! .. #vtuber #shorts,2629,77,6,2025-07-07,0:00:05,0.08,Shots,0.0316,0.04,34.14
147,https://www.youtube.com/watch?v=3wrhy0Ipu2Q,เกมที่ลุย ล้านอารมณ์ .. #vtuber #shorts,1290,66,8,2025-07-06,0:00:10,0.17,Shots,0.0574,0.08,19.55
148,https://www.youtube.com/watch?v=wmiyaQsNNJ0,วันอาทิตย์ เป็นยังไงกันมั่ง! .. #vtuber #shorts,968,44,7,2025-07-06,0:00:05,0.08,Shots,0.0527,0.04,22
149,https://www.youtube.com/watch?v=t746UJ0o0CQ,ชิ แบร่ๆ .. #vtuber #shorts,1009,48,8,2025-07-05,0:00:07,0.12,Shots,0.0555,0.05,21.02
150,https://www.youtube.com/watch?v=JoIKiiiw7HE,วันที่ 7 นี้วันสำคัญ เจอกันนะคะ! .. #vtuber #shorts,647,26,6,2025-07-05,0:00:21,0.35,Shots,0.0495,0.16,24.88
151,https://www.youtube.com/watch?v=iF7dCUItgzQ,จะเป็นอะไรดี? ก็เป็นแล้วทุกอย่าง .. #vtuber #shorts,12459,323,8,2025-07-04,0:00:06,0.10,Shots,0.0266,0.05,38.57
152,https://www.youtube.com/watch?v=0Fh0xkMFx4g,zZzZz . . . #vtuber #shorts,3036,175,18,2025-07-04,0:00:06,0.10,Shots,0.0636,0.05,17.35
153,https://www.youtube.com/watch?v=ex3G8Q0Rvns,เลิกงาน ต้องกลับบ้านไวๆนะ!  .. #vtuber #shorts,2626,90,6,2025-07-03,0:00:06,0.10,Shots,0.0366,0.05,29.18
154,https://www.youtube.com/watch?v=jrgrc6V-_N0,จะฟาดคนไม่กินข้าวเช้า!  .. #vtuber #shorts,2756,83,10,2025-07-03,0:00:06,0.10,Shots,0.0337,0.05,33.2
155,https://www.youtube.com/watch?v=X5BJPD9iirU,Live Schedule : Dating Of Necromancer [V2.0 & New outfit has arrived],103,13,4,2025-06-30,0:00:42,0.70,ประกาศ/อีเวนต์,0.165,0.32,7.92
156,https://www.youtube.com/watch?v=QiofmFwG84U,🦋 .. Emblem : Supreme Leader Secret garden ..🦋,324,17,3,2025-06-28,0:00:19,0.32,แต่งนิยาย,0.0617,0.14,19.06
157,https://www.youtube.com/watch?v=70kETfMCaO8,กลางคืนไม่หวั่น .. มาว่ะไปดิ |【Night of the dead 】(EP.1),221,19,1,2025-06-22,3:03:53,183.88,Gaming,0.0905,82.75,11.63
158,https://www.youtube.com/watch?v=wpkjsMZY-Ms,เหล่ากระต่ายแสนน่ารัก ..  |【Lies of P】(EP.11),107,12,1,2025-06-22,1:45:14,105.23,Gaming,0.1215,47.36,8.92
159,https://www.youtube.com/watch?v=ADZuBfeSXJ8,ช่วงเวลา วิกาล | ประสบการณ์น่ากลัวของคุณหนู [เล่าเรื่องผี EP.22],96,16,4,2025-06-20,2:04:36,124.60,เล่าเรื่องผี,0.2083,56.07,6
160,https://www.youtube.com/watch?v=80FD5-gokPA,🦋.. 07.07.2025 ..🦋,207,17,6,2025-06-16,0:00:45,0.75,ประกาศ/อีเวนต์,0.1111,0.34,12.18
161,https://www.youtube.com/watch?v=REkaHUECGjA,Breaking the Universe |【 DOOM: The Dark Ages 】(EP.5),111,13,1,2025-06-15,2:00:17,120.28,Gaming,0.1261,54.13,8.54
162,https://www.youtube.com/watch?v=oQ_I-b6ywoU,พี่คือพี.. ชาวไร่ ไถนา  |【Lies of P】(EP.10),126,16,1,2025-06-14,2:28:31,148.52,Gaming,0.1349,66.83,7.88
163,https://www.youtube.com/watch?v=t00d3994_bQ,เส้นทาง .. การสู้ชีวิต,99,14,2,2025-06-14,1:59:13,119.22,FreeTalk,0.1616,53.65,7.07
164,https://www.youtube.com/watch?v=_fT3L_-QbsI,สองเรา .. วันโลกสิ้น |【Bulletstorm: Full Clip Edition】(EP.3 จบ),87,13,0,2025-06-07,2:18:23,138.38,Gaming,0.1494,62.27,6.69
165,https://www.youtube.com/watch?v=TjM2qLyz31E,เข้าฤดูร้อนนี้ .. คุณหนูเหลว,131,13,1,2025-06-07,1:04:14,64.23,FreeTalk,0.1069,28.91,10.08
166,https://www.youtube.com/watch?v=ZjTtU3vIlKE,The Floating Cathedral |【 DOOM: The Dark Ages 】(EP.4),131,17,1,2025-06-03,2:35:06,155.10,Gaming,0.1374,69.8,7.71
167,https://www.youtube.com/watch?v=aSkKaEyy9EE,ผีผักกระเฉด  |【Lies of P】(EP.9),100,13,1,2025-06-01,2:07:28,127.47,Gaming,0.14,57.36,7.69
168,https://www.youtube.com/watch?v=qBgG8AYrg9Y,รวมกัน ... เราเทม คู่หูนักเลี้ยงสัตว์ ในตำนาน |【 ARK Survival Evolved: Fjordur 】(EP.4),232,15,1,2025-05-31,2:56:31,176.52,Gaming,0.069,79.43,15.47
169,https://www.youtube.com/watch?v=iC5RwG8mn_0,การทำงานล่วงเวลา | นั่งเล่าเรื่องผีกับคุณ Gosofia [เล่าเรื่องผี EP.21],77,14,1,2025-05-31,1:32:06,92.10,เล่าเรื่องผี,0.1948,41.45,5.5
170,https://www.youtube.com/watch?v=EAzXXfAL4uw,บัวขาวยังอาย  |【Lies of P】(EP.8),117,11,2,2025-05-26,1:51:56,111.93,Gaming,0.1111,50.37,10.64
171,https://www.youtube.com/watch?v=V3afG1nJw3A,Great Shield .. Grants power! |【 DOOM: The Dark Ages 】(EP.3),156,23,3,2025-05-24,3:20:43,200.72,Gaming,0.1667,90.32,6.78
172,https://www.youtube.com/watch?v=cjdayuBMmx4,สิ่งสำคัญที่โลกใบนี้ ในปัจจุบัน .. ขาดไป,117,21,1,2025-05-24,1:43:59,103.98,FreeTalk,0.188,46.79,5.57
173,https://www.youtube.com/watch?v=52DvG3mQfWA,Spread wings..into the sky |【 DOOM: The Dark Ages 】(EP.2),195,20,2,2025-05-17,2:49:31,169.52,Gaming,0.1128,76.28,9.75
174,https://www.youtube.com/watch?v=q5feZO3CjoI,Call me .. Ojou-Slayer |【 DOOM: The Dark Ages 】(EP.1),268,30,1,2025-05-16,2:16:17,136.28,Gaming,0.1157,61.33,8.93
175,https://www.youtube.com/watch?v=bbqiXs0PNLI,ร่วมกัน...เราล่า คู่หูเซียนนักล่ามือดี |【 ARK Survival Evolved: Fjordur 】(EP.3),211,23,1,2025-05-10,3:21:46,201.77,Gaming,0.1137,90.8,9.17
176,https://www.youtube.com/watch?v=RK_jLxabXyM,น้องเคยทำขายตรงมั้ย พี่เคยนะ ..,137,17,1,2025-05-10,1:28:03,88.05,FreeTalk,0.1314,39.62,8.06
177,https://www.youtube.com/watch?v=QVO1Eh-FfM0,เพื่อนรัก vs ลูกนิมิตร  .. #vtuber #shorts,1332,34,6,2025-05-09,0:01:19,1.32,Shots,0.03,0.59,39.18
178,https://www.youtube.com/watch?v=iv71Lu0so_k,ชีวิต นั้นคือชีวิต  |【Lies of P】(EP.7),89,17,2,2025-05-03,2:06:01,126.02,Gaming,0.2135,56.71,5.24
179,https://www.youtube.com/watch?v=9RpkEheBaak,สไลด์มันไป  |【Bulletstorm: Full Clip Edition】(EP.2),76,10,1,2025-05-02,2:07:12,127.20,Gaming,0.1447,57.24,7.6
180,https://www.youtube.com/watch?v=l2RUhCS1gWU,รวมกัน..เราตาย สองนักเอาตัวรอดมืออาชีพ |【 ARK Survival Evolved: Fjordur 】(EP.2),251,23,0,2025-05-01,2:47:58,167.97,Gaming,0.0916,75.59,10.91
181,https://www.youtube.com/watch?v=Er6xVyceKGk,อ๊าก! จะไหวเร้อ |【 ARK Survival Evolved: Fjordur 】(EP.1),292,25,2,2025-04-19,3:14:29,194.48,Gaming,0.0925,87.52,11.68
182,https://www.youtube.com/watch?v=jG_KrFP4_n8,Ai กับ นักวาด / จากความรู้สึกของคุณหนู,255,28,1,2025-04-19,1:34:07,94.12,FreeTalk,0.1137,42.35,9.11
183,https://www.youtube.com/watch?v=izpikxjmAcg,พายุกระสุน  |【Bulletstorm: Full Clip Edition】(EP.1),134,24,2,2025-04-17,1:58:11,118.18,Gaming,0.194,53.18,5.58
184,https://www.youtube.com/watch?v=tadaiuRXKBM,สรุปความหมายที่ลึกซึ้งของเกม MiSide / มิตะบ้าคลั่ง ร้ายจริงๆ หรือเปล่า ?,199,78,1,2025-04-13,1:53:42,113.70,Gaming,0.397,51.17,2.55
185,https://www.youtube.com/watch?v=ImeLuopMmzI,วันนี้จะถึงมั้ย  |【Lies of P】(EP.6),90,11,1,2025-04-05,2:11:36,131.60,Gaming,0.1333,59.22,8.18
186,https://www.youtube.com/watch?v=tfgiDdZPPuk,ขี้เกียจทำปกไลฟ์ห์ .. จังเลยค่ะ,100,15,0,2025-04-05,1:05:19,65.32,FreeTalk,0.15,29.39,6.67
187,https://www.youtube.com/watch?v=OFz3BM_zdyg,อยู่ในใจตลอดไป |【MiSide】(EP.3 จบ),325,16,1,2025-03-30,1:44:38,104.63,Gaming,0.0523,47.09,20.31
188,https://www.youtube.com/watch?v=HSI8k3fhZag,เรื่องเล่าในโรงนา | เล่าเรื่องผีกับคุณ Gosofia [เล่าเรื่องผี EP.19],224,17,2,2025-03-29,1:12:50,72.83,เล่าเรื่องผี,0.0848,32.78,13.18
189,https://www.youtube.com/watch?v=qOQBduR3nEQ,เธอแตกต่าง |【MiSide】(EP.2),127,101,1,2025-03-22,2:01:22,121.37,Gaming,0.8031,54.61,1.26
190,https://www.youtube.com/watch?v=YrNKmFraKI4,อัพเดทอาการป่วย ของคุณหนู  |  Freetalk & Chill,103,31,1,2025-03-22,1:01:18,61.30,FreeTalk,0.3107,27.59,3.32
191,https://www.youtube.com/watch?v=9RN4ux4U_FA,ไม่อยากเจอ  |【Lies of P】(EP.5),93,16,1,2025-03-16,1:52:44,112.73,Gaming,0.1828,50.73,5.81
192,https://www.youtube.com/watch?v=rFBjBkXeo0I,ชีวประวัติการพบเจอกัน  |  Freetalk & Chill กับ Gosofia,167,75,3,2025-03-15,1:45:02,105.03,FreeTalk,0.4671,47.27,2.23
193,https://www.youtube.com/watch?v=oB_CIhYfifs,ฉันอยู่ข้างใน  |【MiSide】(EP.1),210,62,2,2025-03-09,1:50:05,110.08,Gaming,0.3048,49.54,3.39
194,https://www.youtube.com/watch?v=4oLkR_L0GQc,ชีวิตที่แสนเรียบง่าย  |  Freetalk & Chill กับ Gosofia,83,10,0,2025-03-08,1:09:34,69.57,FreeTalk,0.1205,31.31,8.3
195,https://www.youtube.com/watch?v=Iy6hU5_huI8,เป็นการเอาตัวรอด ที่อิ่มมาก .. #vtuber #shorts,695,55,3,2025-03-06,0:00:43,0.72,Shots,0.0835,0.32,12.64
196,https://www.youtube.com/watch?v=_27o_JbGRUo,เกมหมาโกหก .. #vtuber #shorts,161,26,3,2025-03-03,0:01:30,1.50,Shots,0.1801,0.68,6.19
197,https://www.youtube.com/watch?v=cwlZjdZAnmw,ต้นไม้หลังบ้าน | เล่าเรื่องผีกับคุณ Gosofia [เล่าเรื่องผี EP.18],97,71,2,2025-03-01,1:12:48,72.80,เล่าเรื่องผี,0.7526,32.76,1.37
198,https://www.youtube.com/watch?v=gNNlqArypRE,เพลงที่คุณหนูร้อง 2  .. #vtuber #shorts,612,47,4,2025-02-27,0:01:26,1.43,Shots,0.0833,0.65,13.02
199,https://www.youtube.com/watch?v=iQ375VD13Ws,เพลงที่คุณหนูร้อง 1  .. #vtuber #shorts,156,30,4,2025-02-24,0:01:47,1.78,Shots,0.2179,0.8,5.2
200,https://www.youtube.com/watch?v=SvTjjk0grXY,ตาค้าง .. #vtuber #shorts,575,67,4,2025-02-23,0:00:45,0.75,Shots,0.1235,0.34,8.58
201,https://www.youtube.com/watch?v=y6Octa8bcl4,แก๊งกระต่าย กวนส้นทีน  |【Lies of P】(EP.4),93,19,1,2025-02-23,1:56:46,116.77,Gaming,0.2151,52.55,4.89
202,https://www.youtube.com/watch?v=gTizDdFYIX8,รวมมิตร Shorts Greenhell เสพกันไปยาวๆ EP. 1【 Edited by Gosofia 】,122,14,6,2025-02-20,0:11:31,11.52,Shots,0.1639,5.18,8.71
203,https://www.youtube.com/watch?v=mr4pg5ajzpw,ยีนมาหรอย .. #vtuber #shorts,590,59,5,2025-02-17,0:00:56,0.93,Shots,0.1085,0.42,10
204,https://www.youtube.com/watch?v=_bJhcWwQkoE,ว๊อด อีส หย๋อย ? .. #vtuber #shorts,255,30,4,2025-02-16,0:01:07,1.12,Shots,0.1333,0.5,8.5
205,https://www.youtube.com/watch?v=i4V2BGF0OuE,ผีห้อยหัว หยอยห้อยหมี  |【Lies of P】(EP.3),66,15,0,2025-02-15,2:07:51,127.85,Gaming,0.2273,57.53,4.4
206,https://www.youtube.com/watch?v=rl0sedP92yM,คิดชื่อไลฟ์ไม่ออก  |  Freetalk & Chill อันนี้ชิลจริงๆ,65,14,2,2025-02-15,0:59:14,59.23,FreeTalk,0.2462,26.66,4.64
207,https://www.youtube.com/watch?v=S3n70w1x8eE,หย๋อยทั้งหมด ทั้งมวล .. #vtuber #shorts,569,48,4,2025-02-13,0:00:47,0.78,Shots,0.0914,0.35,11.85
208,https://www.youtube.com/watch?v=yX1V-RK2DAg,ห้อง 204 Part 1 .. #vtuber #shorts,153,19,1,2025-02-10,0:02:41,2.68,Shots,0.1307,1.21,8.05
209,https://www.youtube.com/watch?v=s7Q5H4Mav-M,เล่าเรื่องผี มีเสียงในไลฟ์ .. #vtuber #shorts,113,30,7,2025-02-09,0:01:05,1.08,Shots,0.3274,0.49,3.77
210,https://www.youtube.com/watch?v=S6X1aRDCVl0,ตำรวจสายฟ้าฟาด  |【Lies of P】(EP.2),60,12,1,2025-02-08,2:05:19,125.32,Gaming,0.2167,56.39,5
211,https://www.youtube.com/watch?v=CJnKwPxOQwg,ห้อง 204 | เล่าเรื่องผีกับคุณ Gosofia [เล่าเรื่องผี EP.17],114,21,1,2025-02-08,1:45:07,105.12,เล่าเรื่องผี,0.193,47.3,5.43
212,https://www.youtube.com/watch?v=8fiNmX_hivA,แมงป่อง RGB .. #vtuber #shorts,158,26,5,2025-02-06,0:01:02,1.03,Shots,0.1962,0.47,6.08
213,https://www.youtube.com/watch?v=RuA6wLKwuT8,มาเยอะไม่กลัว มันมา 3 .. #vtuber #shorts,525,38,4,2025-02-04,0:00:57,0.95,Shots,0.08,0.43,13.82
214,https://www.youtube.com/watch?v=5aRpJUmr_Ss,แจ็คทั่วทุกที่ .. #vtuber #shorts,444,43,3,2025-02-02,0:01:25,1.42,Shots,0.1036,0.64,10.33
215,https://www.youtube.com/watch?v=boFu_HL37FU,จุดเริ่มต้นแห่งความชิบหาย  |【Lies of P】(EP.1),145,24,2,2025-02-01,2:15:00,135.00,Gaming,0.1793,60.75,6.04
216,https://www.youtube.com/watch?v=gXdHu4qL3SU,พักผ่อน  |  Freetalk & Chill ชิลๆ ไปเรื่อย,95,16,1,2025-02-01,1:12:26,72.43,FreeTalk,0.1789,32.6,5.94
217,https://www.youtube.com/watch?v=9tZqBYFc31g,นอน vs ตื่น .. #vtuber #shorts,589,64,2,2025-01-30,0:01:17,1.28,Shots,0.1121,0.58,9.2
218,https://www.youtube.com/watch?v=ObL7PgthkRc,มันไม่น่าแตกต่างกันเท่าไหร่ .. #vtuber #shorts,758,78,7,2025-01-28,0:00:22,0.37,Shots,0.1121,0.16,9.72
219,https://www.youtube.com/watch?v=5X12WNPSfaw,ไม่อยากอยู่ถึงเลข 5  .. #vtuber #shorts,946,93,5,2025-01-27,0:01:00,1.00,Shots,0.1036,0.45,10.17
220,https://www.youtube.com/watch?v=z86gHt-yFkk,อีกคนน่ารัก อีกคนหน้าบาป  .. #vtuber #shorts,617,49,14,2025-01-26,0:01:12,1.20,Shots,0.1021,0.54,12.59
221,https://www.youtube.com/watch?v=fYAttv4koss,บุคคลที่มีความน้อยใจ  |  Freetalk & Share แบ่งปันความรู้สึก,87,24,0,2025-01-25,1:06:03,66.05,FreeTalk,0.2759,29.72,3.63
222,https://www.youtube.com/watch?v=viGGUFn28xA,เอาเนื้อไป .. #vtuber #shorts,235,19,2,2025-01-24,0:01:15,1.25,Shots,0.0894,0.56,12.37
223,https://www.youtube.com/watch?v=O2y7hP3WzRw,อีกคนสร้าง อีกคนกิน .. #vtuber #shorts,213,20,2,2025-01-20,0:01:01,1.02,Shots,0.1033,0.46,10.65
224,https://www.youtube.com/watch?v=UzILJKJ6RJY,เจ้าป่า หรือจะเจอเจ้ากิน  .. #vtuber #shorts,565,45,5,2025-01-19,0:00:56,0.93,Shots,0.0885,0.42,12.56
225,https://www.youtube.com/watch?v=0sJ-wcxumD0,ฤดูหนาว ต้องอยู่ในห้อง  |  Co-op Time กับ Gosofia,92,19,1,2025-01-18,1:06:18,66.30,FreeTalk,0.2174,29.84,4.84
226,https://www.youtube.com/watch?v=JkTDeY92Zv0,กล้ามเบิ้มๆ คนป่าแล้วไง .. #vtuber #shorts,638,55,2,2025-01-17,0:00:42,0.70,Shots,0.0893,0.32,11.6
227,https://www.youtube.com/watch?v=2TrdnZBUoGg,อะไรก็หมูเด้ง และ ET .. #vtuber #shorts,591,57,5,2025-01-13,0:01:09,1.15,Shots,0.1049,0.52,10.37
228,https://www.youtube.com/watch?v=2deXkWBSQdQ,ทิศเหนือคือ West .. #vtuber #shorts,719,57,4,2025-01-12,0:00:51,0.85,Shots,0.0848,0.38,12.61
229,https://www.youtube.com/watch?v=1C-OFWNNv0w,สวัสดี ฉัน แจ็ค ชาริออท  |【Green hell】EP.3 Co-op with Gosofia,175,36,1,2025-01-11,2:11:04,131.07,Gaming,0.2114,58.98,4.86
230,https://www.youtube.com/watch?v=MOr-kRG3lTI,การขึ้นดอย ปี 62 | ประสบการณ์น่ากลัวโดยคุณหนู [เล่าเรื่องผี EP.16],441,247,0,2025-01-11,1:11:52,71.87,เล่าเรื่องผี,0.5601,32.34,1.79
231,https://www.youtube.com/watch?v=iqMomVIY3n4,หัวแมวยักษ์ ไม่ใช่อาหาร .. #vtuber #shorts,646,34,3,2025-01-09,0:00:42,0.70,Shots,0.0573,0.32,19
232,https://www.youtube.com/watch?v=6y6KXCx-C0o,โรงอาหารเก่า 2 .. #vtuber #shorts,246,30,3,2025-01-06,0:03:01,3.02,Shots,0.1341,1.36,8.2
233,https://www.youtube.com/watch?v=-OcSyKCZ2Ps,โรงอาหารเก่า 1 .. #vtuber #shorts,369,44,1,2025-01-05,0:02:57,2.95,Shots,0.122,1.33,8.39
234,https://www.youtube.com/watch?v=mm_0gqoyNSY,สวัสดีวันปีเกิดใหม่ 2025,257,180,8,2025-01-05,1:05:52,65.87,ประกาศ/อีเวนต์,0.7315,29.64,1.43
235,https://www.youtube.com/watch?v=5OAG6Pco9CU,เรื่องเล่า 3 นาที  .. (!มีจั้มสแกร !) #vtuber #shorts,269,58,6,2025-01-02,0:02:24,2.40,Shots,0.2379,1.08,4.64
236,https://www.youtube.com/watch?v=xj1dbimmsJI,เจ้าถุงจอมดึง #vtuber #shorts,211,33,2,2024-12-30,0:00:53,0.88,Shots,0.1659,0.4,6.39
237,https://www.youtube.com/watch?v=NUOqOXhUtOw,เกิดใหม่ ทำไมไม่บอก .. #vtuber #shorts,145,18,4,2024-12-29,0:01:01,1.02,Shots,0.1517,0.46,8.06
238,https://www.youtube.com/watch?v=uHGDqV7hUdc,บนตักคุณหนู ก่อนสิ้นปี .. #vtuber #shorts,168,25,7,2024-12-26,0:01:01,1.02,Shots,0.1905,0.46,6.72
239,https://www.youtube.com/watch?v=p57bc73PiwA,【SPEACIAL LIVE】🦋 CHRISTMAS PARTY 2024  | คริสมาสต์ที่มีความสุขกับคุณหนู,235,138,2,2024-12-26,1:04:37,64.62,ประกาศ/อีเวนต์,0.5957,29.08,1.7
240,https://www.youtube.com/watch?v=BZhON-9uX6w,คนกินแอล vs คนไม่กินแอล .. #vtuber #shorts,703,58,3,2024-12-23,0:00:57,0.95,Shots,0.0868,0.43,12.12
241,https://www.youtube.com/watch?v=-Unbh--NSLc,Doodle : Dance trend (Marine Chariot) #vtuber #shorts,645,81,9,2024-12-22,0:01:00,1.00,Shots,0.1395,0.45,7.96
242,https://www.youtube.com/watch?v=rtmGzn7vYtc,สารพัด คุยไม่ยั้ง คู่หู คู่ฮา  |  Co-op Time เม้ามอยกับคุณ Gosofia,127,25,0,2024-12-22,1:41:04,101.07,FreeTalk,0.1969,45.48,5.08
243,https://www.youtube.com/watch?v=A8qTjHmctj8,ฤดูหนาว ฉันมีเธออยู่  |  Chat time & Chill อากาศเย็นๆ นั่งพูดคุย,99,16,1,2024-12-21,1:02:46,62.77,FreeTalk,0.1717,28.25,6.19
244,https://www.youtube.com/watch?v=XpCGTbsbmm0,ประสบการณ์ซื้อแอล 2 .. #vtuber #shorts,1372,160,5,2024-12-19,0:00:50,0.83,Shots,0.1203,0.38,8.57
245,https://www.youtube.com/watch?v=lYEwiYHQ_eo,ประสบการณ์ซื้อแอล 1 .. #vtuber #shorts,11793,1135,7,2024-12-16,0:00:58,0.97,Shots,0.0968,0.44,10.39
246,https://www.youtube.com/watch?v=s744wfLuNkE,เคาะ 3 ที แวะมาทักทาย! .. #vtuber #shorts,710,61,3,2024-12-15,0:01:17,1.28,Shots,0.0901,0.58,11.64
247,https://www.youtube.com/watch?v=J1--uS4nRPo,ตั้งแคมป์ หลังเขา | เล่าเรื่องผีกับคุณ Gosofia [เล่าเรื่องผี EP.15],120,22,1,2024-12-15,1:28:15,88.25,เล่าเรื่องผี,0.1917,39.71,5.45
248,https://www.youtube.com/watch?v=THVhjZKHhDs,คุณหนูแมวรีน! .. #vtuber #shorts,571,52,6,2024-12-12,0:01:01,1.02,Shots,0.1016,0.46,10.98
249,https://www.youtube.com/watch?v=V3-fga9WEcc,มิจภาพต่างชาติ 3 .. #vtuber #shorts,711,62,6,2024-12-09,0:01:01,1.02,Shots,0.0956,0.46,11.47
250,https://www.youtube.com/watch?v=Hdc6QUHJRnM,มิจภาพต่างชาติ 2 .. #vtuber #shorts,728,57,0,2024-12-08,0:01:00,1.00,Shots,0.0783,0.45,12.77
251,https://www.youtube.com/watch?v=5UUPxbClGNs,สาระ น่ารัก  |  Freetalk & Chill วันศุกร์ สุขสันต์,70,14,0,2024-12-07,1:00:09,60.15,FreeTalk,0.2,27.07,5
252,https://www.youtube.com/watch?v=6mDhk2CczS4,To you far away. (Short Cover : by Marine Chariot) #vtuber #shorts,159,23,3,2024-12-05,0:00:33,0.55,Shots,0.1635,0.25,6.91
253,https://www.youtube.com/watch?v=BRcrEAqjwwY,มิจภาพต่างชาติ.. #vtuber #shorts,615,59,3,2024-12-02,0:01:00,1.00,Shots,0.1008,0.45,10.42
254,https://www.youtube.com/watch?v=0hp2DcjEeac,ราตรีนี้ ยังอีกยาวไกล.. #vtuber #shorts,614,72,7,2024-12-01,0:00:58,0.97,Shots,0.1287,0.44,8.53
255,https://www.youtube.com/watch?v=qnDYkXRaacE,อีกคนคุย อีกคนชิล  |  Co-op Time เม้ามอยกับคุณ Gosofia,154,28,3,2024-11-30,1:30:25,90.42,FreeTalk,0.2013,40.69,5.5
256,https://www.youtube.com/watch?v=rcBqIgLv4F4,เพื่อนยาก มักหายาก #vtuber #shorts,586,38,2,2024-11-28,0:00:56,0.93,Shots,0.0683,0.42,15.42
257,https://www.youtube.com/watch?v=x5ZrECdem3g,เครื่องซักผ้าหรรษา.. #vtuber #shorts,563,34,2,2024-11-25,0:00:43,0.72,Shots,0.0639,0.32,16.56
258,https://www.youtube.com/watch?v=v4SrqMQ2AmI,ไฟแดงๆ จะล่อซื้อสินะ #vtuber #shorts,603,30,3,2024-11-24,0:00:50,0.83,Shots,0.0547,0.38,20.1
259,https://www.youtube.com/watch?v=wa-uRPhQCog,ปากแตกต้องดูดวาสลีน #vtuber #shorts,624,50,7,2024-11-23,0:00:41,0.68,Shots,0.0913,0.31,12.48
260,https://www.youtube.com/watch?v=vI_2AtSXYtg,อ่านแชท ตอบแชท  |  Chill talk พูดคุยสบายๆ ตอบทุกเม้น,133,15,1,2024-11-23,1:04:55,64.92,FreeTalk,0.1203,29.21,8.87
261,https://www.youtube.com/watch?v=ND61Pi4OXSw,เกมที่ไม่มีอันตรายใดๆ【 Edited by Gosofia 】,157,12,2,2024-11-21,0:09:41,9.68,Shots,0.0892,4.36,13.08
262,https://www.youtube.com/watch?v=a0ckBGx9Xp8,ประโยชน์ของหนังปลา #vtuber #shorts,565,34,5,2024-11-18,0:00:22,0.37,Shots,0.069,0.16,16.62
263,https://www.youtube.com/watch?v=937L43gf7pY,กลางคืนต้องใช้หูดีๆ .. #vtuber #shorts,580,32,4,2024-11-17,0:00:59,0.98,Shots,0.0621,0.44,18.13
264,https://www.youtube.com/watch?v=N4pnPNv3nBY,โรงอาหารเก่า | ประสบการณ์โดยตรงจากคุณหนู [เล่าเรื่องผี EP.14],156,16,3,2024-11-17,1:07:21,67.35,เล่าเรื่องผี,0.1218,30.31,9.75
265,https://www.youtube.com/watch?v=6TxzuaGJ3-Q,เส้นทางชีวิตของคุณหนู  |  Chill talk เล่าประสบการณ์,115,21,2,2024-11-16,1:26:16,86.27,FreeTalk,0.2,38.82,5.48
266,https://www.youtube.com/watch?v=HQ-ODFoQAPU,การเอาตัวรอดแบบคุณภาพ .. #vtuber #shorts,549,51,5,2024-11-14,0:01:00,1.00,Shots,0.102,0.45,10.76
267,https://www.youtube.com/watch?v=QZTej5XWgzc,ไม่มีอะไรที่จะต้อง เสี่ยงตาย ทั้งนั้น ..  #vtuber #shorts,588,39,4,2024-11-11,0:00:31,0.52,Shots,0.0731,0.23,15.08
268,https://www.youtube.com/watch?v=rdseRdbZhJk,ธุรกิจทำถั่วขายคนป่า【 Edited by Gosofia 】,301,19,4,2024-11-10,0:12:33,12.55,Shots,0.0764,5.65,15.84
269,https://www.youtube.com/watch?v=9hiaB6pBFpQ,อะไรล่ะที่ทำให้ชิล  |  Chill talk กับคุณหนูวันศุกร์,100,29,3,2024-11-09,1:07:22,67.37,FreeTalk,0.32,30.32,3.45
270,https://www.youtube.com/watch?v=zRjAbNTTOp4,คาร์โบไฮเดรต และไขมัน คือสิ่งสำคัญ 【 Edited by Gosofia 】,173,12,6,2024-11-06,0:13:13,13.22,Shots,0.104,5.95,14.42
271,https://www.youtube.com/watch?v=0cbPjaTzrb4,สำรวจแมพ ตะลุยถิ่น  |【Green hell】EP.2 Co-op with Gosofia,104,18,2,2024-11-02,2:25:53,145.88,Gaming,0.1923,65.65,5.78
272,https://www.youtube.com/watch?v=LAgYhuDAnts,คุณหนู.. ใจผมก็เท่านี้! [Editor by UncleKanun] #vtuber #shorts,325,42,4,2024-10-31,0:00:29,0.48,Shots,0.1415,0.22,7.74
273,https://www.youtube.com/watch?v=8WzhPWjkySY,HALLOWEEN Special Live!  |  รวมมิตรคอนเทนต์สุดหลอน ปล่อยผี 2024,131,30,4,2024-10-31,1:43:08,103.13,เล่าเรื่องผี,0.2595,46.41,4.37
274,https://www.youtube.com/watch?v=9gPEoaWJGo8,คุณหนูวิ่งหนีผีสะพาน 2 - เผชิญผีห้อยหัว【 Edited by Gosofia 】,96,23,2,2024-10-30,0:03:36,3.60,Shots,0.2604,1.62,4.17
275,https://www.youtube.com/watch?v=Nfy2JvxFhrU,Wash yeep brain #vtuber #shorts,311,42,4,2024-10-29,0:00:43,0.72,Shots,0.1479,0.32,7.4
276,https://www.youtube.com/watch?v=BeG5X-tktlA,เธอจะมีใจหรือเปล่า ... |【The Calisto protocol】EP.3,70,16,3,2024-10-27,1:07:34,67.57,Gaming,0.2714,30.4,4.38
277,https://www.youtube.com/watch?v=TErVNO8RAwI,พูดคุยข้างกองไฟ สารพัดเนื้อหา  |  Co-op Time ไปกับคุณ Gosofia,139,20,1,2024-10-26,1:16:56,76.93,FreeTalk,0.1511,34.62,6.95
278,https://www.youtube.com/watch?v=KloN9oL2WjE,สิ้นสุดความทะเยอทะยาน  |【Steelrising】(EP.8 จบ!),93,14,1,2024-10-20,1:48:00,108.00,Gaming,0.1613,48.6,6.64
279,https://www.youtube.com/watch?v=VsXvnMgCans,โรงหนังเก่า | ประสบการณ์โดยตรงจากคุณหนู [เล่าเรื่องผี EP.13],130,17,1,2024-10-19,1:11:55,71.92,เล่าเรื่องผี,0.1385,32.36,7.65
280,https://www.youtube.com/watch?v=Z2h4KPmWKZ8,YEEP ~ Piii #shorts,135,26,7,2024-10-15,0:00:09,0.15,Shots,0.2444,0.07,5.19
281,https://www.youtube.com/watch?v=87GlIBA4QSw,จุดจบที่ใกล้เข้ามา  |【Steelrising】(EP.7),74,15,2,2024-10-12,2:00:49,120.82,Gaming,0.2297,54.37,4.93
282,https://www.youtube.com/watch?v=-8TGRfaIXi4,ภายในใจ ของคุณหนู  |  Real Talk ในคืนวันศุกร์,114,18,1,2024-10-12,1:18:23,78.38,FreeTalk,0.1667,35.27,6.33
283,https://www.youtube.com/watch?v=rMMdkQ2cJs4,เกิดชาตินี้ ในป่าเขียว  |【Green hell】Co-op with Gosofia,186,13,3,2024-10-05,2:07:38,127.63,Gaming,0.086,57.44,14.31
284,https://www.youtube.com/watch?v=Xl3Gwm58yAI,หน้ากากแตก เหมือนใจคน  |【The Calisto protocol】EP.2,81,10,1,2024-10-05,1:37:13,97.22,Gaming,0.1358,43.75,8.1
285,https://www.youtube.com/watch?v=j54RNtKalno,บุกรุกสัมภาษณ์คุณหนู  |  Co-op Time ไปกับคุณ Gosofia และพูดคุยสนุกๆ,200,24,1,2024-09-29,1:18:03,78.05,FreeTalk,0.125,35.12,8.33
286,https://www.youtube.com/watch?v=6Eh0Kxqnwkw,รับงานสำรวจที่รกร้าง | ประสบการณ์โดยตรงจากคุณหนู และเพื่อนๆ [เล่าเรื่องผี EP.12],130,16,1,2024-09-28,1:25:01,85.02,เล่าเรื่องผี,0.1308,38.26,8.13
287,https://www.youtube.com/watch?v=mgBzXO3GD2s,ยักษ์ช็อต ก็ไม่เท่าเงินช็อต  |【Steelrising】(EP.6),123,13,0,2024-09-21,2:08:11,128.18,Gaming,0.1057,57.68,9.46
288,https://www.youtube.com/watch?v=GegBSzYzIwg,หัวข้อ คอนเทนต์ใหม่ๆ  |  Freetalk พูดคุย หัวเราะ เปิ่นๆ สไตล์คุณหนู,125,20,0,2024-09-21,1:11:36,71.60,FreeTalk,0.16,32.22,6.25
289,https://www.youtube.com/watch?v=IIPLBp6Em9Q,นึกว่าใกล้จบ แต่เกมไม่ยอมจบ  |【Steelrising】(EP.5),87,17,1,2024-09-14,2:01:23,121.38,Gaming,0.2069,54.62,5.12
290,https://www.youtube.com/watch?v=uFj9hs0ZARY,ไม่มีอะไร ก็แค่ไลฟ์ชิล  |  Freetalk Chill พูดคุยสไตล์คุณหนู,124,20,1,2024-09-14,1:00:09,60.15,FreeTalk,0.1694,27.07,6.2
291,https://www.youtube.com/watch?v=WLvqB3Nzj5M,อวกาศ ไม่ใช่ทางออก  |【The Calisto protocol】EP.1,120,23,1,2024-09-07,2:19:44,139.73,Gaming,0.2,62.88,5.22
292,https://www.youtube.com/watch?v=FIFTstE-sBc,รถโดยสาร ยามค่ำคืน | ประสบการณ์โดยตรงจากคุณหนู [เล่าเรื่องผี EP.11],137,12,2,2024-09-07,1:12:43,72.72,เล่าเรื่องผี,0.1022,32.72,11.42
293,https://www.youtube.com/watch?v=8pT93SEutjA,หยุดเดี๋ยวนี้ ไม่งั้นพี่เล็ง ไม่โดน  |【Steelrising】(EP.4),88,15,0,2024-08-31,2:13:43,133.72,Gaming,0.1705,60.17,5.87
294,https://www.youtube.com/watch?v=VwcxSUsogEU,วันศุกร์ที่มีคุณหนู จะอบอุ่นใจเสมอ  |  Freetalk พูดคุยหัวข้อต่างๆ,134,19,0,2024-08-31,1:04:00,64.00,FreeTalk,0.1418,28.8,7.05
295,https://www.youtube.com/watch?v=eWKiHTjCyNQ,โอบอุ้มกาย อบอุ่นใจ  |【Steelrising】(EP.3),132,13,0,2024-08-24,2:06:17,126.28,Gaming,0.0985,56.83,10.15
296,https://www.youtube.com/watch?v=tis5rPp9w9w,ไลฟ์สบายๆ แค่พูดแล้วกิน  |  Freetalk และชิลกับคุณหนูในคืนวันศุกร์,98,19,1,2024-08-24,1:01:09,61.15,FreeTalk,0.2041,27.52,5.16
297,https://www.youtube.com/watch?v=q1yKGx9rmGI,'. . . เ ร า จ ะ อ ยู่ คุ ย ด้ ว ย กั น . . .'',162,40,1,2024-08-19,1:02:15,62.25,FreeTalk,0.2531,28.01,4.05
298,https://www.youtube.com/watch?v=sbj2Z4v7U3c,ขึ้นรถม้า สุขกาย สุขใจ  |【Steelrising】(EP.2),108,9,3,2024-08-18,1:59:51,119.85,Gaming,0.1111,53.93,12
299,https://www.youtube.com/watch?v=UPz7ZSr8Cdo,เสียงใคร ในคืนที่ฝนตก | ประสบการณ์โดยตรงจากคุณหนู [เล่าเรื่องผี EP.10],134,21,0,2024-08-17,1:22:42,82.70,เล่าเรื่องผี,0.1567,37.22,6.38
300,https://www.youtube.com/watch?v=WGUtSi0-iBA,เกมอะไรเอ่ย ไม่มีวันหัวร้อน? |  【Steelrising】(EP.1),131,15,1,2024-08-10,2:08:20,128.33,Gaming,0.1221,57.75,8.73
301,https://www.youtube.com/watch?v=CqatlPn5czE,สิ่งที่คุณหนูไม่แนะนำให้ทำ EP.2 |  แบ่งปันและแชร์ความคิดกับคุณหนู,91,14,0,2024-08-10,1:13:44,73.73,FreeTalk,0.1538,33.18,6.5
302,https://www.youtube.com/watch?v=QiQuilBEs1M,ปีนไปยันสวรรค์ สุขไสวสวยเก๋  | Chained together EP.2 (จบเกม!),86,11,2,2024-08-04,1:55:46,115.77,Gaming,0.1512,52.1,7.82
303,https://www.youtube.com/watch?v=ABMP8WaHQ9s,คอนโดราคาถูกชั้น 7 | ประสบการณ์โดยตรงจากคุณหนู [เล่าเรื่องผี EP.9],99,16,0,2024-08-03,1:07:30,67.50,เล่าเรื่องผี,0.1616,30.38,6.19
304,https://www.youtube.com/watch?v=xKLo4xoNCzA,เนื้อหาเกี่ยวกับ การพักผ่อนสบายๆ สไตล์คุณหนู,105,14,2,2024-07-27,2:02:40,122.67,FreeTalk,0.1524,55.2,7.5
305,https://www.youtube.com/watch?v=58lsODYpjcg,จัดอันดับอาหารไทยรสเลิศในใจฉัน | Tier List Thai Food EP.2,109,18,0,2024-07-20,1:10:41,70.68,FreeTalk,0.1651,31.81,6.06
306,https://www.youtube.com/watch?v=y6jcNQ1doRA,เกมที่เกี่ยวกับโซ่ แต่ไม่ได้ใช้ล่าม  | Chained together EP.1 (จะต่อมั้ง),184,32,2,2024-07-14,1:17:40,77.67,Gaming,0.1848,34.95,5.75
307,https://www.youtube.com/watch?v=TsCnBywxEmY,อาหารไทยจานโปรดที่สุดของฉัน | Tier List Thai Food,117,24,0,2024-07-13,1:06:00,66.00,FreeTalk,0.2051,29.7,4.88
308,https://www.youtube.com/watch?v=2ySIUGF1Mm4,ความพ่ายแพ้ต่อค่านิยม | Freetalk ได้ทุกเรื่อง,129,24,3,2024-07-06,1:03:54,63.90,FreeTalk,0.2093,28.76,5.38
309,https://www.youtube.com/watch?v=3Pbj7rFzN7o,ผีที่แสนห่วงหา อาลัย EP.4【The Bridge Curse 2: The Extrication】,115,16,1,2024-06-30,1:27:29,87.48,Gaming,0.1478,39.37,7.19
310,https://www.youtube.com/watch?v=Zl0367PEGGw,ใครอยู่ที่ระเบียง ? | ประสบการณ์โดยตรงจากคุณหนู [เล่าเรื่องผี EP.8],265,15,2,2024-06-29,1:00:07,60.12,เล่าเรื่องผี,0.0642,27.05,17.67
311,https://www.youtube.com/watch?v=AG9En-vRCcg,【Short Live】คุณหนูมารีนกับไลฟ์แนวตรง #shorts,124,24,4,2024-06-22,1:03:53,63.88,Shots,0.2258,28.75,5.17
312,https://www.youtube.com/watch?v=kk3swf-bbxg,ผีมันอยู่ใต้ดิน ยิ่งลงไปยิ่งลึกลับ EP.3【The Bridge Curse 2: The Extrication】,103,13,0,2024-06-16,1:49:36,109.60,Gaming,0.1262,49.32,7.92
313,https://www.youtube.com/watch?v=FiBarx6zLno,【DEBUT】Mini Marine Chariot Arrival !  ถึงตัวจะเล็กแต่ หัวก็โต,324,26,1,2024-06-15,1:03:48,63.80,ประกาศ/อีเวนต์,0.0833,28.71,12.46
314,https://www.youtube.com/watch?v=X9Lf6j1S5_I,ผีห้อยหัว ผีไม่มีหัว EP.2【The Bridge Curse 2: The Extrication】,93,12,1,2024-06-09,1:38:49,98.82,Gaming,0.1398,44.47,7.75
315,https://www.youtube.com/watch?v=JfBKKGok8w4,【ฟรี】สิ่งที่คุณหนูไม่แนะนำให้ทำ | Marine Chariot [Vtuber],122,28,3,2024-06-08,1:04:43,64.72,FreeTalk,0.2541,29.12,4.36
316,https://www.youtube.com/watch?v=zmnZuxgWtzM,เด็กมัธยมที่ติดอยู่ในโรงเรียนร้าง | [เล่าเรื่องผี EP.7],392,31,0,2024-06-02,1:04:13,64.22,เล่าเรื่องผี,0.0791,28.9,12.65
317,https://www.youtube.com/watch?v=WTeWoVmh_KM,【FREETALK】คิดจะพัก คิดถึงคุณหนู,93,17,4,2024-06-01,1:00:21,60.35,FreeTalk,0.2258,27.16,5.47
318,https://www.youtube.com/watch?v=5Kvm2dUeYpA,【FREETALK】คุณหนูมารีนจอมเล่าเรื่อง,153,29,1,2024-05-18,1:02:34,62.57,FreeTalk,0.1961,28.16,5.28
319,https://www.youtube.com/watch?v=nUFbPyPdT5k,【Only climb : better together】ปีนทำไม ภาคต่อกับคุณหนูสายโดด,152,19,0,2024-05-04,2:04:51,124.85,Gaming,0.125,56.18,8
320,https://www.youtube.com/watch?v=qlnY0LaISJg,【FREETALK】เรื่องราวของ Vtuber ที่ทุกคนอาจจะไม่เข้าใจ,167,33,0,2024-05-04,1:03:16,63.27,FreeTalk,0.1976,28.47,5.06
321,https://www.youtube.com/watch?v=SGEBH-SBcJA,【Maid of the Dead】พิทักษ์โลกกับสาวๆ ด้วยความยุติธรรม! 4 (จบแล้ว),139,33,0,2024-04-27,2:15:42,135.70,Gaming,0.2374,61.07,4.21
322,https://www.youtube.com/watch?v=5LkZ-Ypm3PM,【Review】รีวิวอนิเมะขวัญใจคุณหนูมารีน - สรุปความรู้สึกและขยายความหมาย / K-ON Anime,220,27,2,2024-04-27,1:03:25,63.42,FreeTalk,0.1318,28.54,8.15
323,https://www.youtube.com/watch?v=tdn0zWYGKFM,More Marine Please!,344,56,18,2024-04-22,0:00:48,0.80,FreeTalk,0.2151,0.36,6.14
324,https://www.youtube.com/watch?v=2wqGEpEgdGo,【Announcement】เนื้อหาสำคัญ และ เป้าหมายในปีนี้ #Vtuber,157,30,2,2024-04-21,1:06:15,66.25,ประกาศ/อีเวนต์,0.2038,29.81,5.23
325,https://www.youtube.com/watch?v=TJtGU56odoE,【1st Year Anniversary】ครบรอบ 1 ปีแล้ว เป็นคุณหนูรึยัง ?,817,127,5,2024-04-16,1:09:14,69.23,ประกาศ/อีเวนต์,0.1616,31.16,6.43
326,https://www.youtube.com/watch?v=nSlO6E7XPcM,รถไฟใต้ดิน เงาปริศนาที่ยืนมอง | [เล่าเรื่องผี EP.6],381,42,1,2024-04-15,1:02:09,62.15,เล่าเรื่องผี,0.1129,27.97,9.07
327,https://www.youtube.com/watch?v=M2kaBt3B7Aw,ไคจูสายพันธุ์ใหม่ Yeenjira บุกบ้านคุณหนู #Vtuber,182,22,2,2024-04-07,1:01:03,61.05,FreeTalk,0.1319,27.47,8.27
328,https://www.youtube.com/watch?v=deRuCgxJxrs,【Maid of the Dead】ยอมเป็นคนบาป เพื่อช่วยเหล่าเมด 3,177,36,0,2024-04-01,1:29:31,89.52,Gaming,0.2034,40.28,4.92
329,https://www.youtube.com/watch?v=GKpmKB7-g7E,เมื่อคุณหนูมารีนจะมีมังงะเป็นของตัวเอง Secret garden บทที่ 1 #Vtuber,589,40,0,2024-03-31,1:02:45,62.75,แต่งนิยาย,0.0679,28.24,14.73
330,https://www.youtube.com/watch?v=f7V2PSTOoTY,【Honkai Star Rail 2.1】สิบโรลก็พอ! ไม่ขอมากกว่านี้  | Marine Chariot,516,22,0,2024-03-28,1:34:41,94.68,Gaming,0.0426,42.61,23.45
331,https://www.youtube.com/watch?v=zHysgaZ6_tA,【HoloCure】Let& go  | Marine Chariot,400,35,3,2024-03-25,1:42:43,102.72,Gaming,0.095,46.22,11.43
332,https://www.youtube.com/watch?v=0sa5HO3_M7A,【Maid of the Dead】เขย่าขวดน้ำสีฟ้าพิทักษ์โลก 2,469,34,1,2024-03-09,2:00:55,120.92,Gaming,0.0746,54.41,13.79
333,https://www.youtube.com/watch?v=xafekkCHfJc,ช่วงเวลาฮีลลิ่ง..พักผ่อนหย่อนใจ  🦋,216,23,1,2024-03-09,1:02:08,62.13,FreeTalk,0.1111,27.96,9.39
334,https://www.youtube.com/watch?v=oqrLVCEEa7U,Stay with me : Short Cover By Marine Chariot (In the karaoke room) #shorts #vtuber #cover #japan,416,69,14,2024-03-05,0:00:46,0.77,Shots,0.1995,0.35,6.03
335,https://www.youtube.com/watch?v=dmOCSGKSFEE,You (=I) : Short Cover By Marine Chariot (In the onsen room) #shorts #vtuber #cover #japan,259,45,6,2024-03-03,0:00:32,0.53,Shots,0.1969,0.24,5.76
336,https://www.youtube.com/watch?v=uupOd6cQhL0,【Maid of the Dead】เหล่าเมดผู้พิทักษ์คุณหนู ! 1,568,49,0,2024-03-03,1:25:45,85.75,Gaming,0.0863,38.59,11.59
337,https://www.youtube.com/watch?v=qLLQUb-U_aM,เรื่องเล่าจากประสบการณ์จริง part 2/2 #vtuber #shorts #story #เรื่องผี,331,55,5,2024-02-26,0:00:54,0.90,Shots,0.1813,0.41,6.02
338,https://www.youtube.com/watch?v=3NoeEGnx6Is,เรื่องเล่าจากประสบการณ์จริง part 1/2 #vtuber #shorts #story #เรื่องผี,330,54,5,2024-02-26,0:00:50,0.83,Shots,0.1788,0.38,6.11
339,https://www.youtube.com/watch?v=Fy9makDEETw,วาดรูปต่างๆให้ทุกคนดู ด้วยเม้าส์หนู 🦋 | Marine Chariot #vtuber,575,34,2,2024-02-26,1:23:11,83.18,วาดรูป,0.0626,37.43,16.91
340,https://www.youtube.com/watch?v=rlbDhOfrUXc,มาพูดคุยกัน .. เรื่องอะไรก็ได้  🦋,416,22,2,2024-02-25,1:01:04,61.07,FreeTalk,0.0577,27.48,18.91
341,https://www.youtube.com/watch?v=AKflhJaXYp4,ประสบการณ์น่ากลัว | จากคุณหนูและเรื่องเล่าของเพื่อนๆ [เล่าเรื่องผี EP.4],351,35,2,2024-02-18,1:14:53,74.88,เล่าเรื่องผี,0.1054,33.7,10.03
342,https://www.youtube.com/watch?v=93RiH0so0lY,【FREETALK & CHILL】🦋 ขอต้อนรับคนแข็งแรง กลับมาแล้ว! !  | Marine Chariot #Vtuber,511,26,0,2024-02-17,1:01:30,61.50,FreeTalk,0.0509,27.68,19.65
343,https://www.youtube.com/watch?v=1yQfoDMA7-U,「YOASOBI   たぶん Tabun」Full cover by Marine Chariot,8786,208,24,2024-02-14,0:04:22,4.37,ร้องเพลง,0.0264,1.97,42.24
344,https://www.youtube.com/watch?v=oQDfXS3XlQo,ค น เ เ ข็ ง เ เ ก ร่ ง เ เ ว ะ ม า คุ ย . . .,548,28,0,2024-02-11,0:30:07,30.12,FreeTalk,0.0511,13.55,19.57
345,https://www.youtube.com/watch?v=-8IQwZCoiFA,【Metal : Hellsinger】🦋 หวนคืนสู่นรก พิฆาตอสูร 2 | Marine Chariot #Vtuber,540,27,0,2024-02-04,1:07:07,67.12,Gaming,0.05,30.2,20
346,https://www.youtube.com/watch?v=tdMyfTRH_Ik,【FREETALK & CHILL】🦋 ถ้าวันนี้ฝันเป็นจริง .. จะเป็นยังไง  | Marine Chariot #Vtuber,641,34,1,2024-02-03,1:10:43,70.72,FreeTalk,0.0546,31.82,18.85
347,https://www.youtube.com/watch?v=a6cNKUJsUrU,【FREETALK & CHILL】🦋 ก็แค่อยากเล่าเรื่อง พูดคุยเรื่อยเปื่อย~  | Marine Chariot #Vtuber,748,45,3,2024-01-27,1:11:26,71.43,FreeTalk,0.0642,32.15,16.62
348,https://www.youtube.com/watch?v=lnVsUUCDFps,【HOW TO & CONCEPT】🦋 แนวทางการเป็น Vtuber ฉบับคุณหนูมารีน  | Marine Chariot #Vtuber,876,53,5,2024-01-21,1:40:29,100.48,FreeTalk,0.0662,45.22,16.53
349,https://www.youtube.com/watch?v=COu1YR75m8U,【FREETALK & HEAL】🦋 คุณหนูขอฮีลทุกคนด้วยหัวใจที่มี  | Marine Chariot #Vtuber,481,28,4,2024-01-20,1:32:50,92.83,FreeTalk,0.0665,41.78,17.18
350,https://www.youtube.com/watch?v=-fSXjxSj-wc,【The Bridge Curse 2: The Extrication】DEMO 🦋 ถนนสู่ทางเจอผีไม่พ้นทุกข์ | Marine Chariot #vtuber,708,25,3,2024-01-14,1:41:21,101.35,Gaming,0.0395,45.61,28.32
351,https://www.youtube.com/watch?v=e9q9LLRtfEU,【FREETALK】🦋 สถานะการณ์สำคัญของช่องคุณหนู (ซีเรียส + จริงจัง)  | Marine Chariot #Vtuber,952,43,3,2024-01-13,1:02:29,62.48,FreeTalk,0.0483,28.12,22.14
352,https://www.youtube.com/watch?v=XHqYY--xo-k,Chipi Chipi Chapa Chapa Dubi Dubi Daba Daba. Ft.Marine Chariot #vtuber #shorts,1066,100,5,2024-01-07,0:00:58,0.97,Shots,0.0985,0.44,10.66
353,https://www.youtube.com/watch?v=DsaBcr2jt4c,【Genshin impact】บท 4 ฉากที่2 - ไร้เหตุผลที่ฝนโปรยปราย 🦋 | Marine Chariot #vtuber,523,37,2,2024-01-07,1:36:40,96.67,Gaming,0.0746,43.5,14.14
354,https://www.youtube.com/watch?v=kxYWxPuEsFk,【COUNT DOWN 2023】🦋 จากปีเก่า สู่ปีใหม่ 2024  | Marine Chariot #Vtuber #Newyear,4526,116,0,2023-12-31,2:01:48,121.80,ประกาศ/อีเวนต์,0.0256,54.81,39.02
355,https://www.youtube.com/watch?v=4rElR7AANug,【FREETALK & CHILL】🦋 ร่วมขอพรสิ้นปี ให้ปีใหม่สุขสมหวัง  | Marine Chariot #Vtuber,243,22,4,2023-12-30,1:01:30,61.50,FreeTalk,0.107,27.68,11.05
356,https://www.youtube.com/watch?v=Xb0wqxxHLn8,เก็บตกจากคืนวันคริสมาสของคุณหนู ซานยีนแห่ง Christmas ปี 2023 #Vtuber,346,23,4,2023-12-26,0:01:25,1.42,FreeTalk,0.078,0.64,15.04
357,https://www.youtube.com/watch?v=NTaZXEDxK6M,【SPEACIAL LIVE】🦋 CHRISTMAS PARTY 2023  | Marine Chariot #Vtuber #Christmas,1318,46,2,2023-12-26,0:58:16,58.27,ประกาศ/อีเวนต์,0.0364,26.22,28.65
358,https://www.youtube.com/watch?v=m9Pkaz7DeYc,Ho ho ho ~ 🎄🦋,129,15,4,2023-12-25,0:00:04,0.07,FreeTalk,0.1473,0.03,8.6
359,https://www.youtube.com/watch?v=iV741j65leQ,【HoloParade】🦋 ปกป้องฐานทัพ ร่วมด้วยช่วยกัน  | Marine Chariot #Vtuber,240,11,1,2023-12-24,1:14:36,74.60,Gaming,0.05,33.57,21.82
360,https://www.youtube.com/watch?v=dIGeUTviZL4,【FREETALK & CHILL】🦋 1 ปีที่แล้วของคุณหนูเป็นยังไง เมื่อเทียบกับปัจจุบัน  | Marine Chariot #Vtuber,217,17,0,2023-12-23,1:00:22,60.37,FreeTalk,0.0783,27.17,12.76
361,https://www.youtube.com/watch?v=uYbxYv3eHWI,ผีโครงกระดูก Gashadokuro และ สาวคอยาว Rokuro-kubi 【ตำนานผีญี่ปุ่น EP.3】,327,22,0,2023-12-17,1:05:44,65.73,เล่าเรื่องผี,0.0673,29.58,14.86
362,https://www.youtube.com/watch?v=qp8T7ZOEUo4,【FREETALK & CHILL】🦋 ความสำเร็จของฉันในปี 2023  | Marine Chariot #Vtuber,268,20,2,2023-12-16,1:18:09,78.15,FreeTalk,0.0821,35.17,13.4
363,https://www.youtube.com/watch?v=a5CmMKXQNLs,【#Genshinimpact】Lies Cast Shadows Under Gathered Lights- เงาใต้แสงสาดส่อง 🦋 | Marine Chariot #Vtuber,321,23,0,2023-12-11,2:26:03,146.05,Gaming,0.0717,65.72,13.96
364,https://www.youtube.com/watch?v=aYcK5YWkqoM,【#Genshinimpact】Soloist& prologue - บทนำแห่งน้ำค้างขาวและคลื่นดำ (ต่อ) 🦋 | Marine Chariot #Vtuber,302,23,0,2023-12-10,2:18:32,138.53,Gaming,0.0762,62.34,13.13
365,https://www.youtube.com/watch?v=2A3qVhWi-Ho,【FREETALK & CHILL】🦋 นั่งเม้าพูดคุยเกี่ยวกับวันคริสมาส  | Marine Chariot #Vtuber,139,9,0,2023-12-09,1:00:22,60.37,FreeTalk,0.0647,27.17,15.44
366,https://www.youtube.com/watch?v=vBWlFNZZMUs,【Green hell】🦋 บุกป่าฝ่าดง เอาชีวิตรอดในนรกสีเขียว! | Marine Chariot #Vtuber,305,21,0,2023-12-03,2:02:55,122.92,Gaming,0.0689,55.31,14.52
367,https://www.youtube.com/watch?v=poC6Ky4FuQ0,【Genshin impact】Soloist& prologue - บทนำแห่งน้ำค้างขาวและคลื่นดำ 🦋 | Marine Chariot #Vtuber,297,13,0,2023-12-02,2:18:30,138.50,Gaming,0.0438,62.33,22.85
368,https://www.youtube.com/watch?v=kAJh73KCfdU,【COME BACK】🦋 กลับมาแย้ว สู่บ้านเฮาาา  | Marine Chariot #Vtuber,433,34,0,2023-12-02,1:01:48,61.80,ประกาศ/อีเวนต์,0.0785,27.81,12.74
369,https://www.youtube.com/watch?v=RoeUz4Itekk,【Genshin Impact】🦋 กาชา 4.2 วิ่งเล่น + เนื้อเรื่อง (เก่า) ดองมาเป็นปี | Marine Chariot #Vtuber,237,14,2,2023-11-11,2:12:18,132.30,Gaming,0.0675,59.54,16.93
370,https://www.youtube.com/watch?v=AkXDyu-Mg_E,【SPEACIAL LIVE】🦋 HAPPY & SCARY HALLOWEEN 2023  | Marine Chariot #Vtuber #Halloween,296,21,3,2023-11-01,1:36:12,96.20,ประกาศ/อีเวนต์,0.0811,43.29,14.1
371,https://www.youtube.com/watch?v=KM8w4B_vQcg,【ENDING Halloween 2023】🦋 Marine Chariot | #vtuber #halloween,174,13,0,2023-11-01,0:01:26,1.43,ประกาศ/อีเวนต์,0.0747,0.65,13.38
372,https://www.youtube.com/watch?v=xuMYzDcksrM,【INTRO Halloween 2023】🦋 Marine Chariot | #vtuber #halloween,174,14,3,2023-10-31,0:03:36,3.60,ประกาศ/อีเวนต์,0.0977,1.62,12.43
373,https://www.youtube.com/watch?v=ur8c4E77_k4,คุณหนูมารีน กับค่ำคืนร้อนในแสนวิเศษ 🦋 | Marine Chariot [Highlight] #vtuber,308,23,10,2023-10-30,0:03:21,3.35,FreeTalk,0.1071,1.51,13.39
374,https://www.youtube.com/watch?v=f0cy3wiS47c,【Metal : Hellsinger】🦋 บุกฝ่าดงนรก อสูรล่าอสูร | Marine Chariot #Vtuber,125,13,1,2023-10-29,1:04:10,64.17,Gaming,0.112,28.88,9.62
375,https://www.youtube.com/watch?v=A-dbmIh5YlY,【FREETALK & CHILL】🦋 เพราะชีวิต ขาดของเหลวไม่ได้  | Marine Chariot #Vtuber,225,15,2,2023-10-28,1:00:33,60.55,FreeTalk,0.0756,27.25,15
376,https://www.youtube.com/watch?v=PIR0RzxQt8k,เมื่อคุณหนูมารีน จำชื่อยาไม่ได้ #vtuber #shorts,340,51,6,2023-10-23,0:00:42,0.70,Shots,0.1676,0.32,6.67
377,https://www.youtube.com/watch?v=nzFJvbOtKv8,【The Bridge Curse Road to Salvation】Part 4 [จบ]🦋สิ้นสุดกันที ชาตินี้ชาติไหน | Marine Chariot #vtuber,136,15,1,2023-10-22,1:05:53,65.88,Gaming,0.1176,29.65,9.07
378,https://www.youtube.com/watch?v=U7ZBb433Lf8,【FREETALK & CHILL】🦋 ก่อนฮาโลวีนคุณหนูทำอะไรบ้างง  | Marine Chariot #Vtuber,106,16,0,2023-10-21,1:00:46,60.77,FreeTalk,0.1509,27.35,6.63
379,https://www.youtube.com/watch?v=rfgP5DrkLOs,【The Bridge Curse Road to Salvation】Part 3 🦋 ในห้องน้ำ ท่องคาถาก็ไม่ช่วย | Marine Chariot #vtuber,384,30,0,2023-10-15,2:28:43,148.72,Gaming,0.0781,66.92,12.8
380,https://www.youtube.com/watch?v=X7-leXJbsLY,ผีห้องน้ำ Hanako-san และ สาวรางรถไฟ Teke-teke【ตำนานผีญี่ปุ่น EP.2】,124,19,3,2023-10-15,1:00:15,60.25,เล่าเรื่องผี,0.1774,27.11,6.53
381,https://www.youtube.com/watch?v=lmNvkZTGD28,【FREETALK & CHILL】🦋 พูดคุยนั่งเล่นในห้องคุณหนู  | Marine Chariot #Vtuber,94,18,0,2023-10-14,1:02:44,62.73,FreeTalk,0.1915,28.23,5.22
382,https://www.youtube.com/watch?v=Rno8xZsHQM0,【The Bridge Curse Road to Salvation】Part 2 🦋 หลวงพี่ไม่ช่วย หลวงปู่เผ่นหนี | Marine Chariot #vtuber,115,14,2,2023-10-07,2:06:31,126.52,Gaming,0.1391,56.93,8.21
383,https://www.youtube.com/watch?v=z_hBS_ucxZE,【Ghostwire: Tokyo】Part 5 [END] 🦋 จดจำตลอดไปฉันกับเธอ~ | Marine Chariot #vtuber,62,18,1,2023-10-02,1:25:26,85.43,Gaming,0.3065,38.45,3.44
384,https://www.youtube.com/watch?v=o3_w32lljCs,【FREETALK & CHILL】🦋 สิ่งที่คุณหนูชอบและไม่ชอบ | Marine Chariot #Vtuber,94,19,1,2023-10-01,1:07:04,67.07,FreeTalk,0.2128,30.18,4.95
385,https://www.youtube.com/watch?v=DyPTpmVMKSQ,【Ghostwire: Tokyo】Part 4 🦋 อยากจะแว๊น แต่ไม่ได้แว๊น~ | Marine Chariot #vtuber,78,24,1,2023-09-24,2:00:21,120.35,Gaming,0.3205,54.16,3.25
386,https://www.youtube.com/watch?v=Az79uze1wnU,สาวปากฉีก Kuchisake Onna และ ผีเด็ก Zashiki warashi【ตำนานผีญี่ปุ่น EP.1】,271,21,1,2023-09-24,0:58:57,58.95,เล่าเรื่องผี,0.0812,26.53,12.9
387,https://www.youtube.com/watch?v=aRCrd1JGXD8,【FREETALK & CHILL】🦋 ความฝัน และ เป้าหมาย ของคุณหนู | Marine Chariot #Vtuber,68,18,1,2023-09-23,1:01:49,61.82,FreeTalk,0.2794,27.82,3.78
388,https://www.youtube.com/watch?v=Qvq82lNOf_k,【The Bridge Curse Road to Salvation】Part 1🦋 สะพานต้องสาป | Marine Chariot #vtuber,173,25,1,2023-09-17,2:03:36,123.60,Gaming,0.1503,55.62,6.92
389,https://www.youtube.com/watch?v=puGf1gDYl2U,เมื่อคุณหนูกลายร่างเป็นหนูตะเภา #vtuber  #shorts,402,58,8,2023-09-17,0:00:15,0.25,Shots,0.1642,0.11,6.93
390,https://www.youtube.com/watch?v=56DrrRw-lmc,【READ CHAT & CHILL】🦋 คุณหนูจะนั่งอ่านแชท คุยสบายๆ | Marine Chariot #Vtuber,132,18,1,2023-09-16,1:02:10,62.17,FreeTalk,0.1439,27.98,7.33
391,https://www.youtube.com/watch?v=dBvUwiM3Cc4,【Ghostwire: Tokyo】Part 3 🦋 จู๊บเหม่งอินเจแพนนึ~ | Marine Chariot #vtuber,261,21,1,2023-09-09,2:08:26,128.43,Gaming,0.0843,57.8,12.43
392,https://www.youtube.com/watch?v=-mAerdRZvu8,【FREETALK & CHILL】🦋 ว่ากันเรื่อง การไม่หุบยิ้มของคุณหนู | Marine Chariot #Vtuber,112,18,0,2023-09-09,1:01:35,61.58,FreeTalk,0.1607,27.71,6.22
393,https://www.youtube.com/watch?v=FMQtHhRCl5w,【Ghostwire: Tokyo】Part 2 🦋 ตะลุยห่าผี สุดชีวิตเพื่อน้อง! | Marine Chariot #vtuber,78,13,0,2023-09-02,2:01:07,121.12,Gaming,0.1667,54.5,6
394,https://www.youtube.com/watch?v=KiJCKLgHdaE,【FREETALK & CHILL】🦋 พูดคุยมังงะ Prologue : To the everlasting กับคุณหนู | Marine Chariot #Vtuber,96,14,0,2023-09-02,1:00:45,60.75,FreeTalk,0.1458,27.34,6.86
395,https://www.youtube.com/watch?v=w89NOFT4iEM,【Ghostwire: Tokyo】Part 1 🦋 ตะลุยเมืองซากุระ มือปราบผีจำเป็น | Marine Chariot,412,24,1,2023-08-26,3:02:24,182.40,Gaming,0.0607,82.08,17.17
396,https://www.youtube.com/watch?v=EFqMrvqrFm0,【FREETALK & CHILL】🦋 ชีวิตการเป็น V-artist ของคุณหนู | Marine Chariot #Vtuber,108,24,3,2023-08-26,1:05:53,65.88,FreeTalk,0.25,29.65,4.5
397,https://www.youtube.com/watch?v=6C3RbGTnfqQ,ประสบการณ์โดยตรงจากคุณหนู [เล่าเรื่องผี EP.3],114,21,3,2023-08-21,1:08:42,68.70,เล่าเรื่องผี,0.2105,30.92,5.43
398,https://www.youtube.com/watch?v=nHD9vlfpAqk,【FREETALK & CHILL】🦋 เติมไฟหน่อย อยากปิ้งย่าง | Marine Chariot #Vtuber,114,12,0,2023-08-19,1:01:21,61.35,FreeTalk,0.1053,27.61,9.5
399,https://www.youtube.com/watch?v=Rt3c5bNxf9o,【State of Decay 2】🦋 บุกป่าฝ่าดง ฟาร์มแสนสุขที่ รัฐแห่งความเน่าเปื่อย 2  | Marine Chariot,227,28,0,2023-08-06,3:01:43,181.72,Gaming,0.1233,81.77,8.11
400,https://www.youtube.com/watch?v=C5NXsYFFHLM,【FREETALK & CHILL】🦋 เรื่อยเปื่อยกับคนหายป่วย~~ | Marine Chariot #Vtuber,729,40,1,2023-08-05,1:01:15,61.25,FreeTalk,0.0562,27.56,18.23
401,https://www.youtube.com/watch?v=LZLuTX-hxKc,【State of Decay 2】🦋 ตะลุยซอมบี้ รัฐแห่งความเน่าเปื่อย 2  | Marine Chariot,1149,39,1,2023-07-29,2:12:37,132.62,Gaming,0.0348,59.68,29.46
402,https://www.youtube.com/watch?v=pe0atGqm3YI,【FREETALK & CHILL】🦋 นั่งพูดคุยชิลๆ กับคนป่วย | Marine Chariot #Vtuber,138,15,0,2023-07-28,0:42:34,42.57,FreeTalk,0.1087,19.16,9.2
403,https://www.youtube.com/watch?v=4Z8tax95vN8,【Lies of P】🦋 พีโกหกว่าเกมไม่หัวร้อน~ DEMO | Marine Chariot #vtuber,96,10,0,2023-07-08,2:12:45,132.75,Gaming,0.1042,59.74,9.6
404,https://www.youtube.com/watch?v=_TyNxODqprA,【FREETALK】🦋 ทำวีเหนื่อยใจ หาวิธีฮีลลิ่งตัวเองกับคุณหนู | Marine Chariot,218,18,0,2023-07-01,1:13:09,73.15,FreeTalk,0.0826,32.92,12.11
405,https://www.youtube.com/watch?v=tthRoIrEXSU,【Windbound】🦋ลุยตัวแลบลิ้น วาร์ปไปวาร์ปมา~กับคุณหนู  | Marine Chariot,53,17,1,2023-06-24,2:13:09,133.15,Gaming,0.3396,59.92,3.12
406,https://www.youtube.com/watch?v=5X0dJAJXMkc,【FREETALK & CHILL】🦋 ในคืนที่เก้าอี้คุณหนูหายไป | Marine Chariot,37,6,0,2023-06-22,1:02:47,62.78,FreeTalk,0.1622,28.25,6.17
407,https://www.youtube.com/watch?v=N0qOLLOnbHA,ประสบการณ์โดยตรงจากคุณหนู & ทางบ้าน [เล่าเรื่องผี EP.1],223,21,2,2023-06-19,1:00:21,60.35,เล่าเรื่องผี,0.1031,27.16,10.62
408,https://www.youtube.com/watch?v=m2N25eY4wG4,【Windbound】🦋โผล่เกาะลึกลับใหม่ไปกับคุณหนู   | Marine Chariot #Vtuber,56,14,0,2023-06-17,3:21:56,201.93,Gaming,0.25,90.87,4
409,https://www.youtube.com/watch?v=6pDOIFGZyNY,【FREETALK & CHILL】🦋 อาทิตย์นี้วันอังคารกับคุณหนู | Marine Chariot  #Vtuber,61,14,0,2023-06-14,1:04:53,64.88,FreeTalk,0.2295,29.2,4.36
410,https://www.youtube.com/watch?v=4XzkL14yIy4,【Windbound】🦋ผจญภัยเกาะลึกลับไปกับคุณหนู  | Marine Chariot #Vtuber,64,11,0,2023-06-10,3:29:34,209.57,Gaming,0.1719,94.31,5.82
411,https://www.youtube.com/watch?v=qJDmCHZAOoQ,【FREETALK & CHILL】🦋ตั้งวันศุกร์เป็นวัน Necromancer | Marine Chariot  #Vtuber,64,17,0,2023-06-10,1:01:29,61.48,FreeTalk,0.2656,27.67,3.76
412,https://www.youtube.com/watch?v=A42l5qapzF8,【FREETALK & CHILL】🦋 คุณหนูม้าน้ำขึ้นบก | Marine Chariot  #Vtuber,84,14,0,2023-06-06,1:33:50,93.83,FreeTalk,0.1667,42.23,6
413,https://www.youtube.com/watch?v=gU8Qmoj0OUA,【Inside the Backrooms】🦋 ทะลุมิติประหลาดไปกับคุณหนู  | Marine Chariot  #Vtuber,156,18,0,2023-06-04,1:23:32,83.53,Gaming,0.1154,37.59,8.67
414,https://www.youtube.com/watch?v=VWGClaTaZ_Y,【FREETALK & CHILL】🦋 คืนวันศุกร์แวะมาเม้า - พักผ่อนกับคุณหนู | Marine Chariot  #Vtuber,148,20,1,2023-06-03,1:01:06,61.10,FreeTalk,0.1419,27.5,7.4
415,https://www.youtube.com/watch?v=R4UnuIePVAs,【Speed painting】🦋 Tokoyami towa - Bunny (Time-lapse) | Marine Chariot #vtuber #drawing,432,18,2,2023-05-27,0:03:34,3.57,Drawing,0.0463,1.61,24
416,https://www.youtube.com/watch?v=X30iQ-IecL4,【Drawing】🦋 ลงสี Towa-san & พูดคุยสบายๆกับคุณหนู #3 | Marine Chariot  #Vtuber #Drawing,255,27,2,2023-05-21,2:03:45,123.75,Drawing,0.1137,55.69,9.44
417,https://www.youtube.com/watch?v=bzUAt4OPnyM,【FREETALK & CHILL】🦋 คืนวันศุกร์ สุดแสนชิลกับคุณหนู | Marine Chariot  #Vtuber,334,14,1,2023-05-20,1:02:40,62.67,FreeTalk,0.0449,28.2,23.86
418,https://www.youtube.com/watch?v=URjC-yYhHqM,【Idol showdown】🦋 สนามมวยลุมพินี  | Marine Chariot  #Vtuber,461,18,2,2023-05-14,1:45:29,105.48,Gaming,0.0434,47.47,25.61
419,https://www.youtube.com/watch?v=X8x5vhP-KTQ,【FREETALK & CHILL】🦋 พักผ่อนสบายๆ หลังเลิกงานกับคุณหนู | Marine Chariot  #Vtuber,287,18,0,2023-05-12,1:02:03,62.05,FreeTalk,0.0627,27.92,15.94
420,https://www.youtube.com/watch?v=lKOgs7-HULs,【Drawing】🦋 วาดรูป Towa-san & แชร์เทคนิคในแบบของคุณหนู #2 | Marine Chariot  #Vtuber #Drawing,423,20,3,2023-05-06,2:09:03,129.05,Drawing,0.0544,58.07,21.15
421,https://www.youtube.com/watch?v=02LMl_zjSjI,【hololiveERROR】🦋 Necromancer ที่ไหนกลัวผี | Marine Chariot [Highlight] #Vtuber,1385,43,6,2023-05-04,0:03:31,3.52,Gaming,0.0354,1.58,32.21
422,https://www.youtube.com/watch?v=3yv58-mYJ18,【FREETALK & CHILL】🦋 วันหยุดพักของคุณหนู | Marine Chariot  #Vtuber,860,24,1,2023-05-01,1:01:51,61.85,FreeTalk,0.0291,27.83,35.83
423,https://www.youtube.com/watch?v=nMJIi3U8ujg,【Drawing】🦋 วาดรูป Towa-san & แชร์เทคนิคในแบบของคุณหนู #1 | Marine Chariot  #Vtuber #Drawing,558,30,1,2023-04-29,2:18:14,138.23,Drawing,0.0556,62.21,18.6
424,https://www.youtube.com/watch?v=0GFNP7U7iDA,【hololiveERROR】🦋 สำรวจโรงเรียน เล่าเรื่องสยองกับคุณหนู  | Marine Chariot  #Vtuber,995,22,4,2023-04-24,1:13:40,73.67,Gaming,0.0261,33.15,45.23
425,https://www.youtube.com/watch?v=J2L_rwMvYJk,【FREETALK & CHILL】🦋 นั่งทำงานกับคุณหนู | Marine Chariot  #Vtuber,719,34,4,2023-04-21,2:00:43,120.72,FreeTalk,0.0529,54.32,21.15
426,https://www.youtube.com/watch?v=aY3kEPTf_Ug,【FREETALK】🦋 ดื่มน้ำชาพูดคุยหลัง Debut กับคุณหนู | Marine Chariot  #Vtuber,1335,35,4,2023-04-16,1:02:45,62.75,FreeTalk,0.0292,28.24,38.14
427,https://www.youtube.com/watch?v=kq6z98TDZYs,【DEBUT STREAM】🦋 Marine Ojou-sama Arrival !  -  Vtuber คุณหนูเนโครแมนเซอร์ #Vtuber,2058,91,14,2023-04-15,1:02:59,62.98,ประกาศ/อีเวนต์,0.051,28.34,22.62
428,https://www.youtube.com/watch?v=z17NgqFy8JA,PV Teaser : Marine Chariot ''Time to give your soul to me'' [4K 60FPS],1912,45,8,2023-04-05,0:01:01,1.02,ประกาศ/อีเวนต์,0.0277,0.46,42.49
